peak_power,peak_freq,auc_power,total_energy,sample_entropy,mean_acceleration,label
0.33846378485091105,4.296875,1.0801488541582143,3.222494771763711,1.1100614233539794,1.4394026573884862,1
6.909410302643036e-05,0.390625,0.0001660596715361569,0.00045992279618838923,1.240162404085484,0.015132467507782263,1
0.02473122083599241,9.375,0.07469653001270629,0.9399153411887151,0.6002927027691294,0.7855171385105172,1
1.0378776463485893e-06,6.640625,2.290498815703276e-05,0.00014152015219312829,2.111499373655668,0.010985936525787521,1
8.91896982115418e-06,0.390625,4.345522377135328e-05,0.00018397247962451607,1.8142960115631215,0.011659648483144415,0
0.0456235022260231,10.15625,0.09750243292467503,0.4363887675804831,1.311522659185179,0.5866972081143684,1
9.103755166462222e-07,10.9375,2.2994020434309135e-05,0.00015211416134591784,2.1233625851223485,0.011304460960319307,0
1.8254713973166106e-05,0.390625,5.97963739279443e-05,0.00035694053231889993,1.6450861525648661,0.01634864272531109,1
8.394998282552236e-07,3.90625,2.1717710543608898e-05,0.00013282674289072594,2.0599081338644947,0.010679860146659854,0
0.0006862025466714097,9.375,0.00175991547912239,0.007996930043359135,1.2581349365232024,0.0767102810337885,1
0.0009819257427891351,12.5,0.001606335127213504,0.007552589920571119,1.2592918930987362,0.0736933791507184,1
7.206005562762737e-07,11.71875,2.109706644748974e-05,0.00012826104670284017,2.098471377651373,0.010384876193176091,0
5.177836226107215e-07,5.078125,1.628713586230144e-05,0.0001060033614986172,2.1279355583793085,0.009566438836383303,0
0.0007008566149553641,0.78125,0.0021860471178310713,0.008007849423906964,0.995435069416611,0.07452241220713737,1
0.0020130264880110936,0.390625,0.0028140206490802787,0.007560336877985976,0.03441626616190149,0.03553322184662792,0
3.805128798915285e-05,9.765625,0.00010982999435370926,0.0007014171220043397,1.6980980066285873,0.023760764147528347,1
1.5381343958685638e-05,0.390625,3.467086996113279e-05,0.00016419139008842825,1.2795791733601234,0.012499862328571181,0
2.824519041175526e-05,0.78125,0.0001218346910134938,0.00024630068935144645,1.195270707844712,0.010832948710194489,0
1.237776232784095e-06,0.390625,2.1219453118299238e-05,0.00012951134834396084,2.002251554353429,0.010649365293537598,0
8.935499920886724e-07,2.34375,2.210148390549337e-05,0.00013302489936296196,2.152555458674735,0.010540208704053868,0
2.288801770559886e-06,0.390625,2.5132213530607685e-05,0.00013286642362267994,1.8992865519240318,0.00990648915587104,0
6.634943299316308e-05,1.5625,0.0004755297287647498,0.000629519712715825,0.4517440725947174,0.012450511183049372,0
1.2110988751829208e-06,1.953125,2.7722095319977222e-05,0.00016745011261495401,2.0855810115208766,0.011886145196591565,1
6.885357807740362e-07,3.125,1.956693105394824e-05,0.00012279860031110687,2.1667658294298757,0.010195121174746798,0
3.2393864707421445e-06,2.34375,3.952784484069655e-05,0.0001480172148361216,1.7474785029687043,0.01035180229836848,0
6.465658837317063e-07,5.078125,1.800161208468139e-05,0.00010887823331577662,2.109435665043448,0.009620501814257998,1
0.034988132729793175,9.375,0.29761936436139097,2.4784761716616464,1.7422203061411303,1.48263373370928,1
7.38378229920217e-07,2.34375,2.015700674314979e-05,0.00012491702362759976,2.1271433520644214,0.010228907614083982,0
2.962006602545832e-06,8.203125,4.11290308301952e-05,0.00024399385864137617,2.017359257722097,0.014448980818245109,0
8.807912048670753e-07,0.390625,2.1336755884916746e-05,0.00013445407180043585,2.1235563256093593,0.010713828799923704,0
3.083775009443001e-06,1.171875,3.645453304288006e-05,0.00015513045975239348,1.8135558654176376,0.010993305357941298,1
1.1666729655977241e-06,0.78125,2.1400483019957885e-05,0.00014351933835151626,2.1458731101279764,0.011046943567142243,0
0.00011421101999884773,0.390625,0.00025838241881628247,0.000692694691337505,0.9178075956557935,0.018152327187155648,0
7.739085263892764e-07,0.78125,1.8372750840237657e-05,0.00011528649802910432,2.0903903212545276,0.00988528203428001,0
3.7304163508199345e-05,0.390625,0.0001741989359737141,0.00040222351725425874,1.2366071440682331,0.014134297902647322,0
0.0005279833949244837,0.390625,0.0007568329193087974,0.0021894288637639664,0.2143192460116528,0.02309048271070955,0
7.159048752688564e-07,1.171875,2.0606286466358636e-05,0.00012580552793545056,2.1162122444971803,0.010228735132443177,1
9.681098101668137e-06,0.390625,4.9521396630423616e-05,0.0003406532346332367,1.6732808730696398,0.016905199164187302,1
0.0024179367749370836,11.328125,0.007245448260095409,0.035772788114056084,1.3601184380912574,0.16579706159746294,1
3.7713834795703114e-05,9.375,0.00024325077476542952,0.0011373730459505015,1.7977038070524867,0.029837288352051742,1
0.0006142353625262544,0.78125,0.004997409249698943,0.026704252685154216,1.4966782997799484,0.14674447306398689,1
9.101740050068085e-07,4.296875,2.0618620909300434e-05,0.00012396006557492418,2.1548126951613513,0.010234927963110185,0
0.0004604020513175356,9.375,0.0005795954096393766,0.003170579023286516,1.289865588403647,0.051119840667810945,1
2.024642093622085e-05,0.390625,7.79389090430042e-05,0.0004822372248682008,1.6220252916282636,0.021252766857724186,1
0.00011526093791118699,10.9375,0.00018421748989444416,0.0011375977748697584,1.7675818171849775,0.030430310218099537,1
6.306533663494736e-07,2.34375,1.8490834997518578e-05,0.00011109455819314109,2.1119736003926968,0.009640680289945042,0
0.0006287063221225279,10.546875,0.002569463396294545,0.015252561276193517,1.2299500640869705,0.11124099332723573,0
0.0016318047612778207,9.765625,0.0028404880751937553,0.01900065216540232,1.6124914974229172,0.1289552048717822,1
5.149785416274358e-06,0.78125,4.2968388965645275e-05,0.0002670639769149947,1.954727133705882,0.015063556324786571,0
5.545655553495956e-06,17.578125,6.50805599582682e-05,0.0003718303771534624,1.9303949999806567,0.017496154383503437,1
0.00029964523241897233,0.390625,0.0007058875146612618,0.0017980094710665913,0.7276529112028548,0.0327507881285748,0
9.343850779589639e-07,1.171875,2.060819463044678e-05,0.00011909297954301318,1.9729907371338844,0.010086587637927332,1
7.738889682939791e-07,7.421875,2.080274758446014e-05,0.0001296663963034991,2.117364257495777,0.010504630015710338,0
0.0003768191046934312,2.734375,0.002630046035616708,0.0033431174465779093,0.12515380194171302,0.020703008799881597,0
0.00013236706565733606,9.375,0.0005877665762722472,0.0037145028904312528,1.7394578078928844,0.055913225507381814,1
9.399053176393529e-07,3.90625,2.2491321082590988e-05,0.00014039636723094042,2.1488102735438583,0.010923599259687581,0
0.0005646398738268918,10.15625,0.0013073591087922587,0.006745725381970272,1.2829677001372692,0.07354776705577092,1
9.244610007328464e-07,4.6875,1.69475003351539e-05,0.00010651773979993446,2.1628093814305718,0.009477547378304776,0
0.00020341636850544506,0.390625,0.0002075583211711409,0.0006922303367164196,0.5021491406316794,0.026145176129612195,1
0.0014281516314332715,5.46875,0.00806295909609757,0.051566386274701684,1.6073538639979235,0.2088173930522219,1
1.0467677965131317e-06,1.171875,2.1862837442146446e-05,0.00012658672104380174,2.0705398181105656,0.010306319791431947,0
1.6140663509955188e-05,0.390625,4.115460948790113e-05,0.00021506514093431556,1.4852216892063101,0.014099154074311884,1
0.0003474089309280552,0.390625,0.0014222070461131129,0.0048434243534379315,0.8844624494927479,0.052604587347055684,1
3.962870780630867e-05,0.390625,0.0001554856162676481,0.0007775990653927029,1.5533811716279338,0.024621929289979153,0
1.5896110077078493e-05,0.78125,0.00011502768851864701,0.00039139040786208344,1.5908009962127894,0.01625095661765504,1
6.310783386485447e-07,11.71875,1.8846263174448877e-05,0.00012053135358891841,2.1280966156682553,0.010226999752875119,0
0.003137188470516318,8.203125,0.0055831841701181675,0.033807391638714226,0.9357906004640231,0.16845762957279908,1
1.3235115734882554e-05,0.390625,5.501700480471209e-05,0.00018039387945292825,1.6237540955939458,0.011242925145203917,0
1.1800209639292003e-06,0.78125,1.8760048888455845e-05,0.0001152619809889293,2.1744560019725476,0.009812718041750301,1
0.01635984724449806,4.296875,0.04921779717837545,0.14527755005413687,1.3140278945631623,0.30588864090106604,1
5.334930252132497e-06,0.78125,7.352077933881037e-05,0.00023784507464550333,1.6041946132405291,0.012890912497386152,0
2.146738750316862e-06,0.390625,2.5378935733418098e-05,0.0001399744437003272,2.077657582718628,0.010722784100155602,0
6.935610668918154e-07,3.515625,1.7956613036518872e-05,0.00011651170208859784,2.1472252643975915,0.009932460269499238,0
0.005243069422646529,4.296875,0.020642958953725206,0.09736095770759336,1.1498527743568627,0.2648972793882154,1
2.234001632761009e-05,0.390625,8.853266434047021e-05,0.0003760613967860796,1.7832082291896338,0.01694742229229809,1
4.885544641411732e-06,11.71875,4.733152865784943e-05,0.00030446975130483754,2.055013232655131,0.015808918851635375,1
9.771432789693924e-07,4.296875,2.0409461097694844e-05,0.00012881282151673348,2.1269462561615207,0.010525265815727547,0
0.021072139646223394,5.078125,0.0697002890150841,0.40572216865819555,1.4054520313798742,0.577880546843057,1
0.0014766402102176488,0.390625,0.0016772937673331452,0.004480347771588348,0.1411125944024066,0.026480803128891544,0
8.864246226617941e-07,39.0625,2.20194335930426e-05,0.00013275533860175023,2.146211128960171,0.01045793691104912,0
4.804880156699945e-06,0.78125,5.0727424261962825e-05,0.00016677020474914375,1.7664718776965662,0.010664389919985334,0
1.6922907159295563e-05,0.78125,0.00011372265006832254,0.00043591778999444765,1.4947019214402284,0.017763669813461377,0
7.451724397431828e-07,6.25,1.91407233450194e-05,0.00011913889221224805,2.1250073043339133,0.00999674993829895,0
1.1049794129069953e-06,40.625,2.013867932638802e-05,0.00012346903591301225,2.120130049874855,0.010228607632712713,1
1.8920604693962008e-06,0.390625,2.0665034257127374e-05,0.0001338321684833742,1.9757019996961904,0.011053604427146677,0
0.0021754082600292167,11.328125,0.004630111568295664,0.02838866202191389,1.2859370206405705,0.1511321148916437,1
8.973812068137243e-07,1.171875,2.0985062592657718e-05,0.00012895325654085953,2.0999774241860534,0.010398978067215155,0
0.00012887081459453346,8.984375,0.0002312101902483658,0.0018779908478961517,1.797908044245887,0.040301278588975906,1
8.485284087067174e-05,12.890625,0.00046833381439083366,0.002404125830867721,1.1922853997537637,0.03929848999410531,1
9.010827892490592e-07,1.171875,1.880501608395272e-05,0.00011683403364185455,2.125555322975584,0.00987773244467008,1
0.007692747962911322,8.203125,0.034506218850337944,0.29768040454946587,0.7892506571010012,0.46874332305905314,1
0.0031260274148259912,11.328125,0.0071913278573204256,0.02978828583788594,1.2704323887685196,0.148983274173026,1
0.0009767651465228072,0.390625,0.0015513569916453455,0.003738362583186423,0.7377981253237648,0.03983214062121566,0
7.110584154216602e-05,3.125,0.0005396277270199297,0.0007408139580810532,0.4694348661982081,0.0148000227451554,0
0.00012001917511782453,0.390625,0.00013877089454792583,0.00034603604999924935,0.5037434769245323,0.017431641746002268,0
0.0027654041063064684,0.390625,0.003983805405802584,0.008824044001025004,0.05430152481206438,0.03204552190646043,1
6.782882735581613e-07,1.953125,1.992211900586361e-05,0.0001194485877877487,2.111791229935219,0.010043229814344756,0
2.921195918597856e-05,0.390625,0.00010903198900636425,0.0003261510511624466,1.2155962056589613,0.0139742944818604,0
8.074910938879224e-07,0.78125,2.0067640256492696e-05,0.00012647527730393123,2.1927900211303197,0.010309172585001577,0
0.0026089106554457314,0.390625,0.0035676597007138137,0.010702310739356935,0.051189746265673325,0.04184475975671754,0
2.330863901100327e-06,6.25,3.18392869531174e-05,0.00017991738150183043,2.0578789532813837,0.012071223582927825,1
1.8425618867130448e-06,2.34375,3.1091574609428606e-05,0.0001449448050360673,1.9092298152789509,0.010709337808950321,0
7.773500607404716e-07,11.328125,1.9147528545635598e-05,0.00011820701802730853,2.125263340045882,0.010080287673339738,0
1.5384233287432054e-06,0.78125,2.6164885814842344e-05,0.0001214215535661826,1.831971138182232,0.00986671075385334,0
5.805112924132415e-07,30.859375,1.7956228011338613e-05,0.00011355951504775701,2.1030956791052398,0.009845628687422909,0
6.819414004735154e-07,6.25,1.9921740565673944e-05,0.0001226485990390125,2.1325090133104285,0.010193391818958985,0
8.126370892455752e-07,1.5625,1.9875086343528324e-05,0.00012282879535360645,2.1696404796294826,0.010131431160093369,0
7.602342288233639e-07,30.859375,2.2735314211388636e-05,0.00014162547817902452,2.144673544444362,0.011003351103945907,0
0.004812057114647014,10.15625,0.016046740340163186,0.09584072245719695,0.23901039501499688,0.23966702527697897,1
9.147206683624638e-07,10.9375,2.228507900001035e-05,0.00013503412557392593,2.1653642773137993,0.010670450700262178,0
6.706010553785001e-07,7.8125,1.79355450230451e-05,0.00012065983283278793,2.098016413319303,0.010179053531375404,0
1.2739478799363505e-05,8.984375,6.397347156631819e-05,0.0004941835079716183,2.0470065105972077,0.020681810170188115,0
0.0007105046692881934,4.296875,0.00517295173008888,0.01999083866457123,1.4476002209705194,0.11988194547249138,1
0.0045585031939584285,5.46875,0.012513500197513058,0.06044433973302399,0.09072540835947708,0.14801833298540254,1
8.622294310692926e-05,0.390625,0.00033367849363427355,0.0017011188664193093,1.1324810583676763,0.032667311532829944,1
0.0044149465169894654,0.390625,0.022931261720340407,0.03558413285017274,0.37308722588957366,0.08148807740049963,1
0.00022144310615939577,0.390625,0.0008605607801901135,0.004315086043389414,1.2579465810403372,0.058308923211394505,1
6.100084445984575e-07,9.765625,1.8086332725865187e-05,0.00010844423368381196,2.1646156927548836,0.00950581647505269,0
4.101114392352935e-06,8.59375,4.154911478900355e-05,0.00024098766789470332,1.9583863924007041,0.014206883398368605,0
3.975750354879051e-06,3.515625,3.4253678511384446e-05,0.00021214638900678826,2.1036750800516377,0.013452845537700965,1
8.722312837112579e-07,1.953125,2.211683254440208e-05,0.00014274252589275668,2.1530599273336763,0.01107810509937454,0
0.021262570449718684,4.296875,0.05960263298671986,0.6206036832077637,1.7762038734756775,0.7473718351678394,1
0.0007680625295581227,10.15625,0.0017993900117025316,0.009945639202427688,0.47934127846580504,0.08046436587691282,1
0.030383618404624075,10.15625,0.03578066391996679,0.19686027957687874,1.160463807105987,0.40243706952030434,1
0.0006727457979746183,1.171875,0.005354365473691433,0.02609844297083657,1.5714880237916384,0.14367070658426745,1
1.88798151863008e-06,0.390625,3.5487313784181724e-05,0.00015628819862685257,1.8874057347809943,0.01094229070597235,1
2.3412181127208888e-06,1.171875,4.124153598197044e-05,0.00013485552338093486,1.7902795112122116,0.009603569704394008,1
0.0007312234034986767,12.109375,0.0012659259607470663,0.005636491935252516,0.9638945066822423,0.06311038736119427,1
0.0005171555616263261,0.390625,0.0006746386794365396,0.001956393408192935,0.23819641281743917,0.02279154194568398,0
0.0031763844798904177,10.15625,0.005966123643785566,0.06395842508326888,1.7979308882492409,0.2408813479271515,1
1.4030957004106056e-06,8.59375,2.5220780128550192e-05,0.0001656129557718297,2.0391546509526117,0.012147428340605834,0
1.7645665066425745e-06,0.78125,3.3695142202444395e-05,0.0001983566799464214,2.0312208979448343,0.012869698041047975,1
8.4926563450058e-07,2.34375,2.2255759308252026e-05,0.0001413917527167676,2.1556650536616715,0.010891256186571207,0
1.5088256438926136e-05,0.390625,5.9839456376183766e-05,0.00032253748949768676,1.8519817998413586,0.015989094586140562,0
1.2909489418816881e-05,10.15625,8.261361907955711e-05,0.0005876034014325969,1.7588241919550178,0.022845576952570504,1
8.036985036547857e-07,2.734375,2.0814976730781972e-05,0.00012069700666714871,2.0979217983902543,0.009996220489888841,0
4.8461624132990816e-05,0.78125,0.0003733432728833246,0.0005516502890706402,0.9099108167069151,0.012535818132644946,0
0.0002298652280238034,9.375,0.0005968351125875243,0.003503357660753831,1.6997080635950712,0.05391790056225717,1
0.0027973433891911857,11.328125,0.005031250470174816,0.02981304970331143,0.16315223651521388,0.1324020628574117,1
6.850436771428876e-07,5.078125,1.953083008146039e-05,0.00011603806843606555,2.127853491856757,0.009892986621416097,0
0.0032684712973156493,0.390625,0.0027530326124473046,0.005050605308438873,0.047944314512455045,0.0272092165275929,0
7.631665320673358e-06,4.296875,4.217281716868355e-05,0.00026546423220522584,2.073042892841627,0.014784338436176898,0
0.08386559483361693,10.15625,0.10856289483499029,0.6326304458115553,1.0940618551821641,0.7240340417187705,1
1.3792493270367024e-05,9.765625,5.9022275119405744e-05,0.0003789271072342571,1.9703857743189337,0.017536770119212893,1
9.826048967705316e-07,1.171875,2.106006760618772e-05,0.00013185503341398954,2.1212942569619404,0.01052419440524402,1
1.758013634286555e-06,0.390625,2.6949423513787126e-05,0.00015871950575869597,1.8428682546162574,0.012004368235471937,1
1.043129662386852e-06,4.6875,2.295831136488641e-05,0.00014012495649854344,2.1074668401870658,0.010874568490472658,0
8.03219305530099e-07,14.0625,2.028997857872351e-05,0.000123762207570643,2.1361919825972966,0.010158232630402685,0
1.0264147274556254e-06,10.15625,2.1533547153502423e-05,0.0001293125710198787,2.1313861700708294,0.010362974699174547,0
2.3406258959609543e-05,0.390625,7.071147977325176e-05,0.000465880438246095,1.8256024004663787,0.01914988153634022,1
0.00994016719025667,5.078125,0.01461850003497445,0.09520169378634757,0.15452716872089656,0.23099659705149408,1
7.451102354971416e-07,4.6875,1.8842751566182986e-05,0.00012105809556906997,2.1495482832718515,0.010174011087082666,0
0.00025241384794271344,0.390625,0.0005910237112143302,0.0015336507641189824,1.06126095880167,0.027550013853163142,0
7.1880747443700294e-06,0.390625,7.582407579648199e-05,0.00020253620959653833,1.4613617850453007,0.011302313970909719,0
7.291790513270275e-07,1.953125,1.8653594096842053e-05,0.00011989830565701086,2.1614524337464824,0.01004872049583588,0
2.0756429800693756e-05,0.78125,8.303746489248933e-05,0.0004156024269603519,1.6257494175251788,0.01812565331057051,1
0.0001427789141334392,0.390625,0.00011699744831599842,0.000433010649702762,0.5317150548855692,0.01759176635000061,0
6.752114230969512e-07,3.90625,1.8150405013020067e-05,0.00010916950103482257,2.135627211122188,0.009562527339322857,0
8.452730568038864e-07,5.46875,1.969305877686219e-05,0.00012412295131382676,2.147872402014146,0.010228705006059989,0
0.0010935021381289873,8.984375,0.0037778763375670987,0.021184265107536848,1.0916108276319896,0.1225319472988617,1
5.29005890183072e-05,9.375,0.0002347039504351845,0.0015005246069527986,1.7180431328561214,0.0353374015471407,1
6.434680388541287e-07,28.515625,1.7033504804089718e-05,0.00010452774766218269,2.1942498839284172,0.009361431306627949,0
8.374192946795629e-06,1.171875,7.178981878416325e-05,0.00028700578362611875,1.6931079047196778,0.015023409657720773,1
1.6032131629003681e-06,12.5,3.077149758957152e-05,0.00018766148743273292,2.1284191288929355,0.012339525829903013,1
7.868143394915949e-07,26.953125,2.0527817080882644e-05,0.00012785567299764997,2.1395873509422345,0.010453530727678982,0
0.0012019731765077,9.375,0.0031468692726963725,0.017849965486553546,0.9827220717048566,0.10993352686528356,1
4.0233510197015895e-06,0.390625,2.8532203202422883e-05,0.0001636622824325103,1.8858803065742487,0.011914459934123451,0
0.0010134315991348107,0.78125,0.0018715453872377784,0.004254598968979926,0.11100464110092689,0.026485296055309086,0
1.737818608014818e-05,0.390625,4.179056788534373e-05,0.0001853164090068168,1.5298619690788313,0.011673560529786058,0
0.00023233963394587146,0.390625,0.0005852813288088593,0.001621478526626832,0.4451250193275557,0.022016307972891835,1
4.911974833081877e-05,0.390625,0.0002688781837755349,0.0019434121581020372,1.5432009730850087,0.0386861669208926,1
0.00031993520760620234,8.984375,0.001859225737396402,0.006910470002743305,1.572163421151705,0.07058714276165329,1
7.851041947040397e-07,1.171875,2.0647174473575677e-05,0.0001347022838173999,2.1337423925144408,0.0107920251857145,1
0.0007614987871173626,4.296875,0.004657690279243903,0.01979698530194684,1.251121020917894,0.11891460027862165,1
0.0029398463917285713,0.390625,0.004243608827179821,0.0082291938491761,0.06101180169443971,0.03457872305241763,0
6.841663311903991e-07,26.5625,1.8968066307923282e-05,0.00012613374810351447,2.164287728073758,0.01049930012063717,1
8.860197207010567e-07,3.125,2.12262476860052e-05,0.00013806458736625554,2.1561515503901716,0.010867462396139269,0
0.009340549685026569,0.390625,0.01681314795452965,0.06738472038185278,0.6100338718764545,0.19514712738949794,0
0.028286699007302244,9.375,0.045084152056313484,0.23486848962064244,1.3863857281878775,0.4439550451628726,1
1.1805337456808953e-05,0.390625,5.116998800434721e-05,0.00020304130104636768,1.6595886448985198,0.011980260082429148,1
0.0002580930359990312,0.78125,0.000808044335207546,0.0010517160887540265,0.45229005521785737,0.013951758993658973,0
0.0007633181598927369,0.78125,0.0023750190092074047,0.006322839898313311,0.5269475494113889,0.04667047061237148,1
0.013247550375030859,16.796875,0.06357610428605436,0.6221392783082224,1.9070773103079293,0.7268767867057543,1
0.0023974926399447016,0.390625,0.00865935683467461,0.061982262046945284,1.069341971138916,0.23450212376511537,1
7.083313478966851e-07,24.21875,1.7027492256714372e-05,0.00011255398650145197,2.136111150909433,0.009755534119673923,0
1.2955659666760608e-06,0.390625,2.4333564003052702e-05,0.00015588717131282128,2.0182541835406,0.011797522877260852,0
4.850046280817909e-05,0.78125,0.00045876606642639834,0.0006058512079282819,0.7796355975173737,0.01111850206997169,0
7.35368493188847e-07,1.171875,1.9845620039236308e-05,0.00011980154537081435,2.0860810818703865,0.010173511662088831,0
0.00014100086845582476,5.859375,0.0005582393346586817,0.0022603972194376147,1.4353697952961535,0.03978099950479669,1
7.78889528189431e-07,26.5625,2.012807497164066e-05,0.00011064997268644204,2.1139712995890196,0.009573894053240157,1
1.1352104889914704e-06,8.984375,2.106950066424793e-05,0.00013953536844252983,2.187241517691332,0.010923893517548593,0
0.0001073549702826188,4.296875,0.0008192573247785528,0.003650856523113416,1.773906832321219,0.05284715012577389,1
1.1713813779850275e-05,0.390625,6.28986788831065e-05,0.0002171080699318799,1.7074054778436785,0.012221171299629028,0
5.302253732192038e-07,6.25,1.6630032668040997e-05,0.00010954199018524798,2.163250061602423,0.009674429745729194,0
0.23926600285100127,4.296875,0.8577993489887126,2.4948570680991384,1.0605986806375292,1.2455470409484841,1
6.958109280419088e-07,1.953125,1.860536968852954e-05,0.00010777133439538266,2.1131197347452373,0.009563957779916761,1
6.714646792463275e-07,2.734375,1.9249002857426435e-05,0.00012150443149568934,2.1077230256725543,0.01021302451222741,0
3.994746667717589e-06,1.171875,5.6444951070428626e-05,0.0001771758555410061,1.5739417453411433,0.011135735221158233,0
8.274529347744802e-06,1.171875,8.774971229778024e-05,0.0002495195147127427,1.4214191129526756,0.01332764225061463,0
1.3772885494554224e-05,0.78125,4.1820538116823375e-05,0.00019183662007298972,1.6832891770348377,0.011683512157455268,1
2.9255789173287042e-05,9.375,7.802372502416196e-05,0.000605812605235911,1.8750137837076346,0.023295467283133583,1
0.006273524865057193,0.390625,0.007937156141721049,0.01470465595458986,0.0772392480701302,0.047644100176813545,0
9.639793272260757e-07,14.0625,2.177214756288074e-05,0.00013081823757926512,2.1473847933287185,0.010507296567855547,0
1.2641180706432868e-06,1.171875,2.7942041705199076e-05,0.0001529992629058063,2.0760985638803433,0.011113270094719241,0
0.0006369404166358986,14.84375,0.004348640077299938,0.056733986757970305,1.8608810190088778,0.22907257969880318,1
9.356081989538174e-05,18.359375,0.0005271588943218518,0.002578879829872798,0.9177984022040333,0.042222505695552644,1
0.0012235510124434955,0.390625,0.0022495243395174317,0.0065879969596302525,0.724279831931149,0.05183794310843816,1
0.00023139683525025815,0.390625,0.0006134126412373216,0.0026800841606907377,1.3597493139434649,0.04192468044503855,1
7.727121087918912e-07,10.15625,2.0752257867883677e-05,0.00012821458286858858,2.1241693732132303,0.010443043280664378,0
1.5639410954420829e-06,0.390625,2.911209245228253e-05,0.0001862899931998308,2.0862963765574336,0.012609388909682702,0
8.666762119868794e-05,0.390625,0.0003383404463225622,0.0019141099229091668,1.694045978324687,0.03907475264360514,1
0.0026755386767944324,5.859375,0.005471024157511535,0.019360583889934016,0.9864733262725146,0.11223324177782518,1
6.461960299340588e-07,9.765625,1.7409683398965106e-05,0.00011232932865074367,2.1227592485957265,0.00986754858429027,0
1.054030826771367e-06,2.34375,2.3082800864114466e-05,0.0001462728646247089,2.10282496256846,0.01109985302548753,1
6.5442671103728585e-06,0.390625,4.695226075231809e-05,0.00024776214645209714,1.7979473480322077,0.013917328784657887,1
6.893706003300973e-07,7.8125,1.840526649237861e-05,0.00011309072997819482,2.14877326214645,0.009803649957812738,0
1.5469581297326052e-06,2.34375,2.7459061803182244e-05,0.00015437423209856973,2.072924792656445,0.0112949529157884,0
9.164826987384814e-07,1.171875,1.9480051664306103e-05,0.00010335484856732613,2.052660067633014,0.009179430251282759,0
4.421190606013874e-05,2.34375,0.00036955384362972847,0.0006091241728894316,0.8205087493252133,0.014865679871227153,0
0.001656436581017259,0.390625,0.0020076063930235923,0.004354787564970073,0.08358966929709168,0.02701390025262311,0
4.7094160713184385e-05,10.9375,0.0001109996358090134,0.0007900849994098244,1.8324797014092604,0.025286188005052706,1
9.403160100122078e-07,0.390625,2.0562351927412428e-05,0.0001239132067631986,2.0802029624486096,0.010160708860535972,0
7.937844257285165e-07,1.171875,2.03166521639875e-05,0.00013241926115337103,2.1362632290742285,0.01062395501323271,0
1.2953349722309947e-06,5.46875,2.1027392871261192e-05,0.00013009890180019297,2.0434931218177543,0.010614149698757161,0
8.272756654534287e-07,9.765625,2.104282331848816e-05,0.00012490595126442725,2.1645047037562724,0.010129280751837402,0
7.446511058795882e-05,9.375,0.00012961723069991355,0.0009642852117963131,1.665376870772182,0.02806428153573598,1
7.176725244162415e-07,3.90625,1.8276868292263447e-05,0.00011600934907126998,2.121976913635378,0.009947639274231623,0
1.114508014029932e-06,0.390625,2.0729978511594567e-05,0.00012689702699017887,1.9484657404761494,0.010617734170750464,0
0.0006100572783445423,5.078125,0.0017224708935169473,0.013053523949609779,1.38794790791469,0.10627735859894032,1
1.1929889964454395e-06,0.78125,2.2438105285807105e-05,0.0001358729332286914,2.081203334105472,0.010750490929566087,0
6.770382778157768e-05,0.390625,0.0003884830069627367,0.0005152755530021434,0.4758000976694358,0.012762285033384542,0
0.002855211435306042,9.375,0.005517222156376969,0.030922361405431704,1.356080833649314,0.1551879187315397,1
7.686896004212392e-05,0.390625,0.0002619916643071668,0.001349135130182925,1.4873705087757227,0.035506778086315305,1
9.665561583914623e-05,0.390625,0.00041199768837039676,0.0019130477643814208,1.0990546621403412,0.034818954828229054,1
0.00010082679403391632,4.6875,0.0002875844358645721,0.0010891200307731339,1.2117390540767963,0.027865189260727338,1
0.11581770181433644,9.375,0.3516337632499553,1.8995249115614738,1.299014038038053,1.252477195508612,1
7.306282123486675e-06,0.390625,4.650548711817685e-05,0.00023754046515366678,1.8777514272424318,0.013760833547702562,1
2.3977075570303345e-06,8.984375,2.6778638337350406e-05,0.00016802224970447835,2.1204262904558053,0.012075098162549184,0
0.03458137686549061,9.375,0.03496148268223415,0.20461688606485154,1.0425439644774932,0.40450303668012916,1
5.847857018610747e-06,0.390625,6.065964291972572e-05,0.00023220524511484447,1.725963028933377,0.012771398788624964,0
2.8446904354778297e-06,0.78125,4.314109023515906e-05,0.00014754347837919572,1.797047941192606,0.010166723263031502,0
8.817568992986276e-07,10.546875,2.047429983258703e-05,0.000129908744737149,2.1107118855246396,0.010465093157941996,0
8.146518330398428e-07,15.625,2.115643502570628e-05,0.00013595490485681137,2.1162069022981704,0.010841303444603673,1
0.034565512231819515,8.984375,0.035600756272569076,0.19745922199504473,0.9203536485129753,0.37994833848749365,1
0.00033771866442851767,1.171875,0.001470350444060502,0.005004207434507087,1.130055618032212,0.05616025740792369,1
1.761886729941263e-05,0.78125,0.00017061183019011547,0.00036502189629637,1.2724877910958636,0.013700192026976431,0
5.1004088975375965e-05,0.78125,0.0003203286410078317,0.0008887182360370971,1.1609774644544988,0.023886666422352473,1
0.004734179852385453,0.390625,0.0059289115420567305,0.023311098015078205,0.18710051142350717,0.08129223717045826,0
0.001338293389541902,0.390625,0.0008948946353082585,0.0015664313580483276,0.019378292151553362,0.03223610120216672,0
3.692993257882479e-05,0.390625,0.00021173580209185022,0.0006812943322448669,1.4509211300648857,0.02174463552703524,1
1.1500722672077131e-06,4.296875,2.26125198129784e-05,0.0001111914582277329,2.032240309494402,0.009442602565295968,0
0.004044597768891535,4.6875,0.01673866393631293,0.09130489713643328,1.0191873951423265,0.26352945648832554,1
7.156249461899381e-05,0.390625,0.00016875623678248852,0.00036122439066732867,0.5289655462115221,0.017141731651151442,1
0.00010393565572008435,12.109375,0.00038741454133601295,0.002046469938587105,1.3389995041548026,0.04266991955183531,1
8.881050045042292e-07,6.25,1.890441444996883e-05,0.00011890102655024196,2.113638962423308,0.010099543863823997,0
1.2038984810745536e-06,0.78125,2.3503807227772675e-05,0.00014571064510056095,2.168738074911578,0.01113988850942573,0
2.5865411453014414e-05,0.78125,0.00012075616883798879,0.0005012701328715751,1.3840746343179209,0.01868929989940985,1
6.815159430203906e-07,10.546875,1.809950783988961e-05,0.00010717209285251156,2.096969404278642,0.00948133447185064,0
0.0003843839777044453,0.390625,0.0015854998527207445,0.005586272553682527,0.9367342016571139,0.05940820676912968,1
8.922155533475988e-07,0.390625,2.0379184396284465e-05,0.00012398908475267986,2.08617429884136,0.010459329539315077,1
0.021957710743214693,14.453125,0.0812774971069184,0.46508080262428025,1.0241149889094494,0.6155036760896294,1
8.134058861925183e-06,4.296875,5.6058267977100584e-05,0.00038530247068843237,1.9884908259617238,0.017675062214097516,1
0.0004792968925545836,0.390625,0.0005401945112992303,0.0012799188868920619,0.1168781495048931,0.02506620712100777,0
1.3411579705437263e-05,0.390625,8.272188610283662e-05,0.0004603893745605237,1.1625064871847077,0.017374624633447723,1
7.36218458116405e-07,12.109375,2.0996120576563227e-05,0.00012787843298899259,2.136724589254102,0.010433989517292373,0
1.1126676810443942e-06,1.171875,2.5175731656011915e-05,0.0001402034311041813,2.00972007727806,0.010981700596633778,0
9.528674656995559e-05,4.296875,0.0005136462165431804,0.0027401089827478278,1.6022122067608555,0.04598528844879622,1
0.0001653759761806853,9.375,0.0005591727988816245,0.0027459827019355515,1.5570525084266986,0.046582803037885534,1
3.798979828079266e-05,0.390625,0.00023550740062217991,0.0010331531893970026,1.5728982559776115,0.028402447221747108,1
9.274843158988699e-07,0.390625,1.856334965809236e-05,0.00011799689227836948,2.084725084900546,0.01009017495604651,0
6.058725976697058e-07,3.515625,1.8260565298909003e-05,0.00012019602340288451,2.113628649300425,0.010119710488487138,0
7.82969635960302e-07,2.734375,1.9366745693338773e-05,0.00012834718449861976,2.1130163345854758,0.010397514592581024,0
9.644516274167949e-07,0.390625,2.308264769813593e-05,0.0001466561901962199,1.9923503001177312,0.011434628930916593,0
1.0040360351056733e-06,0.390625,1.8000859392936406e-05,0.00010739510560656495,1.9018246261900218,0.009870725311149407,0
7.065484431875031e-07,2.34375,1.947200272685543e-05,0.00012256639185161556,2.136671849033445,0.01021963258846474,0
2.610588008931276e-05,0.78125,8.49906260609851e-05,0.0005399869035770661,1.7989140058016138,0.021126405231523444,1
0.00018458898310987746,0.390625,0.000424388945131273,0.0009145038373555632,0.6109104744510224,0.0203195045268468,0
7.372846539990042e-07,2.734375,1.854225716190045e-05,0.00012080504125485284,2.115243803608451,0.010208758229459975,0
0.0009089486606043445,0.390625,0.001230482223365298,0.004327414605223135,0.13147661806393246,0.02980247834029864,0
1.424175583612706e-06,7.421875,3.141479613463788e-05,0.000182089375270208,1.9828929375523134,0.012608489125031982,0
7.036688158523743e-05,0.390625,0.0001417483293326411,0.0006699559365092247,1.1900508744346878,0.02303192875972666,1
9.908451528411893e-07,1.953125,2.1621966559539032e-05,0.000134335197448403,2.1528073095339235,0.010698401780351072,1
7.9150547335431e-06,0.0,2.689023095681774e-05,0.00013646029355320394,1.2298773204041362,0.011741014508404026,0
0.015971202886886342,0.78125,0.0753095930539972,0.46014988279021396,1.44466668833925,0.6191694364030654,1
1.0989629439856354e-06,1.171875,2.6458225033889224e-05,0.00016044874404287456,2.0138081573007662,0.011788523911962752,1
0.00011311652719610119,4.296875,0.000547613499406986,0.0034739412936993256,1.8285141305969421,0.054218510286489344,1
9.186048926865873e-06,0.390625,6.007303328598632e-05,0.00036566828542456445,1.9289093661702446,0.017057121889847048,1
0.0007978487672600238,0.390625,0.002323159428172935,0.004990014735403054,0.09781206639089256,0.02843894443737137,0
7.466373605508009e-07,2.734375,1.8708366134644312e-05,0.00011793831766138886,2.1503208468602617,0.010041053775005025,0
0.0002663108945339182,1.171875,0.001032493242526549,0.0037990423698890576,1.335445234011139,0.051453063079908955,1
1.1543368094072063e-06,0.390625,1.8011335253460648e-05,0.0001075811651309481,2.0818051004869944,0.009527416055884825,0
9.540226303454429e-05,5.078125,0.00025440683680162007,0.0012759322233018653,1.7612460858418333,0.03192000863404179,1
8.712216325474067e-07,4.6875,2.0630910638011474e-05,0.00012977801545835586,2.111970775573836,0.010413283253966807,0
0.00014791434690214454,0.390625,0.0003380619453736152,0.0018007829335616294,1.2375906384019861,0.037191074526590234,1
8.488302036696614e-07,12.109375,1.9477124931455423e-05,0.00012100981693014341,2.1511386543939337,0.010175426761242695,0
1.831873669645494e-05,8.59375,6.458692251427926e-05,0.00043250840886392044,1.9852980456492562,0.018882586830034326,1
6.110177602308947e-07,7.421875,1.745774329181634e-05,0.00011371780354942209,2.1476942644132806,0.009880240889209245,0
2.3115586671963293e-05,5.078125,0.00014728283937384657,0.0005695696663066665,1.7356097005645192,0.02057913410081651,1
1.6676185590522057e-05,0.390625,0.00012158061175957988,0.0005977769154400421,1.8306293566238219,0.022190513826581555,1
0.003909500713868959,0.390625,0.008772627241636062,0.029286702271099474,0.8673607407134956,0.140427295946558,1
0.00015407796397634986,0.78125,0.0008810647161266942,0.004687506415124209,1.4178207405402092,0.06064404789838614,1
1.2069419860862977e-06,10.15625,2.617574481420576e-05,0.00015196742403003827,2.134379754630129,0.011366415453373946,0
8.400653165307647e-07,5.46875,1.9294110419864264e-05,0.00012314166221014103,2.1413020041429918,0.010316606957289132,0
7.567811089606023e-07,9.375,2.0937666267763576e-05,0.00013023526224163797,2.1149837873491086,0.01056391162169052,1
4.9541776073517406e-05,1.171875,0.00038285959188339835,0.0005671827806044893,0.7561714026395705,0.013207078389158378,0
1.299980958943356e-06,0.78125,2.6960351567082073e-05,0.0001767739011682943,2.1082584151536277,0.012170281157296974,0
1.2921994630936846e-05,8.984375,6.142630564940996e-05,0.00044961483763133624,1.9294280127109913,0.019484300501640413,1
1.157847956106743e-05,0.390625,3.487168490968049e-05,0.00016220728062436108,1.815606043624342,0.01127301621599268,1
7.188189449940801e-07,29.296875,1.9647886273234415e-05,0.00011970688435090726,2.1008742375641734,0.010108141811538492,1
7.572182464270348e-07,5.078125,2.0967439940653214e-05,0.0001285097482725613,2.129325522530465,0.010426493064430312,0
9.39045721614067e-07,6.640625,2.3214804026933433e-05,0.00014212900607041284,2.0916159933076197,0.010914149870223839,0
8.223877080605842e-07,10.546875,2.349264832454546e-05,0.00014527713217910422,2.1361532725880283,0.011059690413507068,0
1.0106331934284275e-06,5.46875,2.353299406522506e-05,0.00014280664558581738,2.1022659542520237,0.010918830520799425,0
6.05359961314523e-05,9.765625,0.0001478507660398881,0.0012997078642496408,1.7964824327040705,0.03337413272475244,1
5.943798234842558e-05,11.328125,0.00015773692194961058,0.0012014661925988323,1.8571259242819955,0.032150412296424846,1
7.582799470635042e-07,1.953125,1.8772606846559503e-05,0.00011549972717456915,2.116260605921894,0.009875451794073994,0
6.875865026924208e-07,33.984375,2.0402307723702265e-05,0.00012539923270821167,2.111242513307446,0.010280929656576732,0
8.493669848847897e-07,16.796875,2.199718476469674e-05,0.0001378914344865653,2.0746703352104925,0.010908646075368612,1
7.066331896459295e-07,5.859375,1.701276998191571e-05,0.00010252637849172622,2.1389525805736462,0.009324804305602395,0
6.306554630733137e-05,7.03125,0.0001930370714484539,0.0009361239357958636,1.5361597838519194,0.026203609568718943,0
4.667125531014069e-06,0.390625,4.6719630219237444e-05,0.0001963629250471021,1.777274775056508,0.012294745606224714,0
0.0007183528336166314,9.765625,0.002162064656369607,0.009255822246427358,0.9426641632840909,0.08278232690262798,1
5.801902727521937e-05,0.78125,0.00028999081462743057,0.0004715986874216388,0.85562696725392,0.012933692572507496,0
0.0033568531933189523,0.390625,0.003617681780972097,0.009404934004955593,0.20539685356138002,0.05248771234617563,0
0.007954431271589159,10.15625,0.020662036166835946,0.09444000462596888,0.8753159277741392,0.26603408385720484,1
1.8735389103634637e-05,0.390625,4.931482808900467e-05,0.0002375089911757074,1.8085084314923903,0.013502092879810603,0
6.778060157255228e-07,6.25,1.80035192595004e-05,0.00011373985325968572,2.1294031387796775,0.009847591779195468,0
5.76184889477962e-06,0.390625,4.5772071301153236e-05,0.00023759363999376705,1.8477735572735392,0.014139040138218196,1
3.7907314701145976e-05,0.390625,0.00019900864477393813,0.0003422570772022977,0.8555581899711672,0.01239140247049112,0
6.808114063966718e-07,0.78125,1.7725469413279694e-05,0.00011011350697925568,2.128045420398101,0.009729287440933659,0
2.53178590404574e-06,0.78125,3.5311557720266035e-05,0.00019124589837867596,1.960916416498848,0.012239484715419023,1
8.406770132675564e-07,7.8125,2.107825111618519e-05,0.00012070394763572597,2.087598266301899,0.009991394847655552,1
1.1924515289192507e-06,1.5625,2.610437396748979e-05,0.0001301224061957052,2.0048012624418803,0.010282416730791956,0
4.709434645006984e-06,0.78125,5.856994208019214e-05,0.00017182989732287963,1.7275770955858583,0.010473840922481915,0
0.005414934665226084,0.78125,0.0167598902811126,0.08224389852126385,1.5175808833944255,0.2553706759615119,1
5.240229527963972e-06,0.390625,3.454087930127237e-05,0.00018077983690574186,1.9540820815103148,0.011752813018676344,1
3.6046314773647797e-06,7.421875,3.3824259641018585e-05,0.00021486007255085816,2.049834456202776,0.01353349471092803,1
1.0133354723336431e-06,0.390625,2.2294210918666816e-05,0.00014095168171799602,2.058846595232217,0.011121502312189804,1
0.0043664204804234686,0.390625,0.008950515378294496,0.03548374143595401,0.23720731007580828,0.14775962639561957,1
7.125321769043674e-07,11.328125,1.9155843009648554e-05,0.00012320596298979173,2.1884783750448094,0.010157927852619065,1
1.722070526539667e-05,0.390625,3.20051777643161e-05,0.00015043837951953578,0.9842363848839365,0.012594573044743608,0
0.0008255478250906988,9.765625,0.001489949038307261,0.011451259213677102,1.5179698875173364,0.10031998581311188,1
0.00016884232882731422,9.765625,0.00024908630596757943,0.0019118183160058162,1.3316275389165602,0.03836454863760451,1
0.0013647116987009543,9.375,0.0022047022284184268,0.01246136739569573,1.515543814989869,0.0985990869732239,1
6.882679887542493e-07,4.6875,2.0034004640548825e-05,0.0001245958745644033,2.147879494215972,0.010276818743863424,0
3.4943344162755958e-06,0.390625,2.3615131129933887e-05,0.00013583585218202374,2.0211632087783453,0.010562384998711576,0
8.140371486482777e-06,0.390625,3.818181246693773e-05,0.00018587390373836615,1.8140133414429618,0.01166241755901168,1
9.502337621066291e-07,1.171875,2.1143175026310405e-05,0.0001344939389859501,2.109659971033865,0.01062620831721055,1
0.00011085866173901519,0.390625,0.00018370660505109598,0.0004438016895568007,0.8228646864759664,0.014367069716384599,1
3.138753992262298e-05,0.390625,6.562104996185474e-05,0.00022624747181475817,1.4573661110062253,0.011610097315701352,0
3.0628899773032373e-06,9.375,2.8583224033638026e-05,0.0001783992749925278,2.094752618710586,0.012224011656521818,0
1.465374664409869e-06,0.78125,2.5915200932003385e-05,0.0001566325687359142,2.099068177709265,0.011523086906613736,1
5.968006513888135e-07,8.203125,1.7407863228550975e-05,9.705001424502172e-05,2.1187345106369557,0.008987480078992954,0
6.915486617336709e-07,6.25,2.094074319548592e-05,0.00013078058592615782,2.105793457562726,0.010608046798870332,0
0.0001355886546011263,0.390625,0.000519542407997133,0.0008698368271276174,0.40927894330505216,0.01690434118604829,0
7.404411498547058e-07,2.34375,1.910652412707701e-05,0.00011570394890401614,2.1378042306705454,0.009802234487516938,0
0.00022769987569488915,11.328125,0.0003979833654529875,0.002675157453131849,1.5384791024875888,0.04865696772436827,1
1.041055245925009e-06,8.984375,2.175390355149959e-05,0.0001303704794818246,2.141129826757159,0.010465908709943093,0
6.310688552909273e-07,10.546875,1.685055163907676e-05,9.985713567811636e-05,2.1169295697988506,0.009180232253380162,0
3.7650765886470255e-06,0.390625,2.384881717299182e-05,0.00012756877945718935,1.6220559939271029,0.01096144902918892,0
1.6529511655736138e-06,2.734375,2.9340882485398854e-05,0.00013974948021590268,1.9435230528676992,0.010462424017871218,1
0.0026884428276055987,0.390625,0.014520152105266082,0.07035123546696018,1.4094265684056146,0.22970554124059864,1
0.00017212845961233307,5.46875,0.00048401873730899415,0.0019122261206769812,1.623496391069991,0.036990878940350594,1
5.978388435784963e-07,0.78125,1.7184248630219027e-05,0.00011944535973923609,2.1824225579820693,0.010118563104524497,1
8.523452372661977e-07,0.78125,2.270672684385066e-05,0.00013061919440559422,2.116967925969167,0.010486818875517055,0
0.0012118304281046497,0.390625,0.009464449383807768,0.02030432300479117,0.6691272407004494,0.09271173605372147,1
6.150586996270732e-07,3.125,1.8266568774737033e-05,0.00011569779476456194,2.1183586593411916,0.009911423213889376,1
0.0011724609923661976,0.390625,0.004188178242307626,0.006472213339032363,0.06178952376112677,0.02649484301502681,0
1.2718724331138657e-06,1.171875,2.5469284724018494e-05,0.00014829207805843532,2.094446656547695,0.011052907094005894,1
0.009711485359665772,9.375,0.03101587422385657,0.13652604374424748,0.6340953503224835,0.2928464993762839,1
9.363670272268281e-07,1.5625,2.183065948518228e-05,0.00014166937251958186,2.147841175465089,0.011008649627099496,0
7.381063435464445e-07,3.125,2.072654389058429e-05,0.00013667878237446593,2.213808614216955,0.010842386856012388,0
0.0006016071781746937,8.984375,0.001586358820297676,0.007739038112015423,0.9259758308957524,0.0719945651051908,1
0.001237808160403587,0.390625,0.0012355553220600316,0.0023921942148228685,0.27453102152409975,0.021290607792866106,1
0.0003090794481993323,0.390625,0.00023276842420760717,0.0006091540751170132,0.27523166897643436,0.019078631605150838,0
0.006664907459627294,5.46875,0.02262086020322358,0.1891041443173954,0.23920733815773038,0.3417654871132622,1
7.399240874789834e-06,0.390625,4.8903542578423694e-05,0.00023809256990148253,1.689081288038474,0.014314171559821474,1
0.0024811535249225805,8.203125,0.0043289581135694845,0.023076859631283926,1.100941830543966,0.12890649483848543,1
7.042686538166234e-07,23.828125,2.015563588244483e-05,0.00011775402976606388,2.138809314316655,0.009841086607812875,0
1.0716851815079287e-05,0.390625,7.556783693201392e-05,0.0001919394055371359,1.376852913738828,0.010580012712095042,0
8.393817194852278e-07,4.6875,2.02658799074196e-05,0.0001317333762518625,2.093198635659261,0.010704028101974124,1
8.051620110706779e-07,1.171875,1.884690721706056e-05,0.00011137063750062388,2.1397822054576316,0.0096331647316022,0
2.445857271982454e-05,9.375,9.354469658752487e-05,0.0007240776805925804,1.8839405015484052,0.025062796012872795,1
3.331407091589743e-05,12.109375,0.0001790769496992201,0.0009816415020890718,1.729987808972378,0.02793546324646064,1
4.832746391163383e-06,13.28125,4.4279847717376426e-05,0.0002969725376748172,2.0145555191301674,0.01609367441011615,0
1.0966146758853425e-06,7.03125,2.060822850290003e-05,0.00012525141001784636,2.1500619033585795,0.010256145118615959,1
4.625163701224267e-06,0.390625,2.644652053881863e-05,0.00014252322697452016,1.983391574050834,0.01066726371169394,1
3.063569449160169e-05,0.390625,0.00018972466191172227,0.0008358027727060522,1.6473467741605132,0.02593801001329608,1
1.9705409254939645e-05,0.78125,0.00017284779886053738,0.0002967021260499513,1.1108523978675384,0.010784184852401384,0
8.601460252168264e-07,19.921875,2.1104304448549155e-05,0.00012642520365968514,2.1359780302642517,0.010413630303947539,0
2.8244601325785382e-05,8.59375,0.00011371337437266499,0.0007494633819722766,1.868518771693561,0.02513229999840579,1
0.044338234741352484,11.328125,0.11805909770828027,0.8747997263854673,0.7535175390407333,0.7903613666057757,1
7.567958948806192e-07,7.421875,1.8753449839475265e-05,0.0001197291631094638,2.077163888582431,0.01017265605763484,1
1.9447874385865405e-05,0.390625,7.477456865046705e-05,0.00032750114775435455,1.6413586172700687,0.015030552996590322,0
0.00037603159171632636,0.390625,0.00038125981874469075,0.0013380157741409429,0.5433160189509272,0.025393179335788666,0
0.004717295981431752,10.546875,0.008288444389473234,0.059539503018821785,1.5588430126580706,0.22560243053316795,1
0.0025715832782088324,0.390625,0.013425870008996624,0.08100844581261252,1.48454914911714,0.262337161921854,1
7.804763685405591e-07,12.109375,2.000202784455251e-05,0.00012042445743416203,2.1311808893286983,0.01009335369953939,0
0.0622294674383806,5.46875,0.09131290977307259,0.3604193994782396,1.0081045323916062,0.5113174778147379,1
0.0007819421841514818,0.390625,0.0012172827503456637,0.002007296061810372,0.4914783319060553,0.020896636024779033,1
6.871813334156663e-07,12.890625,1.7834937734887624e-05,0.0001131532706592887,2.1058743801192277,0.00985039267945892,0
4.790140526405402e-06,0.390625,3.066534080006278e-05,0.00018473411296056694,1.600006672592195,0.012946766424213083,1
0.0001976465456201211,0.390625,0.00024814275270428564,0.0009687100363298773,0.6040205016452589,0.017905754084679225,0
0.004957652665140936,8.984375,0.01957664236365621,0.13157424963710357,1.5004759916731836,0.3273306381824249,1
8.387706206776053e-05,0.390625,0.00036622961181128504,0.0006382593042382593,0.8665582748934827,0.015449238852071986,0
0.00014978156934752752,0.390625,0.0009908664625085596,0.0012124534830643952,0.31210652426895386,0.016323324302742793,0
3.663142984031041e-06,0.390625,3.238111076524786e-05,0.00017323648560547972,1.9815443395687937,0.011794913980155836,1
5.80127000255571e-07,1.171875,1.8255759784872794e-05,0.0001194803714334688,2.172382620684862,0.010222740137327525,0
8.317934950398235e-07,34.765625,2.2868129210311337e-05,0.00014818961252693297,2.128181681038472,0.011296242168286539,1
6.555259917960174e-07,16.015625,1.877808478736856e-05,0.00011879151317665548,2.151529743319378,0.010045349929012728,0
0.003926530052454345,8.59375,0.0034886796971391743,0.01898005850223437,0.8427482264852849,0.11452452373951362,1
6.784607834599435e-07,7.421875,1.75038287439348e-05,0.00011701859723264781,2.1106091533171725,0.010087328292634975,0
7.692816690196136e-05,8.984375,0.00018149057519512148,0.0010582900345153022,1.7307329888006868,0.029233624380905477,1
6.878805644774067e-07,4.296875,1.95543261034966e-05,0.00012419518447848963,2.145974773595083,0.010338524062587454,0
7.524427998955129e-07,2.734375,2.0223371467687596e-05,0.00012348192270634887,2.1227173303957296,0.010232122957208652,0
9.249916734486199e-06,0.390625,3.6451967107742305e-05,0.00014480114557864404,1.4491824903663761,0.011476141285744505,0
7.518044626394306e-07,1.171875,1.8532103474641698e-05,0.00011058662094741954,2.0939221245220585,0.009694807107049978,1
0.08049349994328933,4.296875,0.19515337624016088,1.5244870399793022,1.21011519626531,1.1626319873578754,1
0.2169293262490987,4.296875,1.17040778733981,3.8521899039876413,1.1637582408603877,1.5602798798335007,1
6.762198492192404e-07,4.296875,1.765880635967466e-05,0.00010751127638371653,2.128194972434596,0.009495649102461343,1
8.055395640949582e-07,8.984375,2.0012061905509477e-05,0.0001282144897198262,2.1472843988179315,0.010508540659958437,0
6.03427897691334e-07,14.453125,1.8068347245301565e-05,0.00011067221888097454,2.100531297603888,0.00971201772704917,0
0.00044193022855321324,0.390625,0.0010852540739836503,0.0024385449991223087,0.33109400281985546,0.023357667174708416,0
4.009847615225985e-05,0.390625,0.00014543780639344556,0.0008067481012278861,1.787024612418115,0.025627540003950507,1
0.00015537672029434122,0.390625,0.00029059553983981786,0.0005451207470290086,0.4199183185120027,0.016324560797339197,0
7.484819151908878e-07,5.078125,1.866637252712175e-05,0.00012345536000400023,2.1326448776238895,0.010324334698392931,0
0.00029795019898090744,9.765625,0.000871740676758375,0.00486814276240375,1.5409119362398935,0.062074179370869224,1
0.004030534443157867,11.328125,0.005475437108539287,0.0316135254693561,1.2433162068520465,0.1592927956185892,1
1.5193999243123114e-05,0.390625,6.169545793250123e-05,0.00040648187748486373,1.7709186784045021,0.019230766528741516,1
0.000214903584200525,0.390625,0.0002477150302920915,0.00039998560797513383,0.09919746606552773,0.01688966051322728,0
7.352086579560921e-06,0.390625,5.733841831765517e-05,0.00023093367932370854,1.7264696592597262,0.012734528530902983,0
7.272125565615667e-07,8.984375,1.895277812316016e-05,0.0001182822115029418,2.135573162103769,0.00999645162506257,0
0.002301813301263002,0.390625,0.006846530571613522,0.015722450975383676,0.0676097777641718,0.04816445001521497,0
0.004727019077586312,8.984375,0.004880404936044821,0.02629521047954848,1.0182434282216666,0.14762016806433895,1
8.165762429762698e-05,8.984375,0.0003740457139663174,0.0016079523660486885,1.6839643318501172,0.035191806937272946,1
9.351061881413571e-07,12.890625,2.441548195772791e-05,0.0001494860650801559,2.1162364253569104,0.011258156528843996,1
9.253399201097734e-07,3.515625,2.1787936645209953e-05,0.00013437546797877964,2.0832538883489202,0.010641176719547946,0
1.5135645699581172e-06,1.5625,2.9662819909453965e-05,0.0001762631970806977,2.064295591485104,0.012081671561264896,1
8.563256313608477e-07,6.640625,1.901878870526897e-05,0.00012088667297164923,2.12741671834485,0.010183905467384787,0
1.5203180068408577e-05,10.546875,7.723647145931007e-05,0.00041526825876961733,1.8076985995692272,0.018723437827115566,1
9.080031404532166e-07,7.03125,2.0361309560900815e-05,0.00012041870054316799,2.1173562676616267,0.009992962801655313,0
7.743410843881278e-07,2.34375,1.8815184075615697e-05,0.00011315316851763391,2.1227869442596634,0.009841543817725005,0
0.0001098573948792316,0.390625,0.0005733341265385234,0.0007892836239791433,0.48544594046398465,0.014650566596916242,0
7.959000281176109e-07,23.046875,2.541765011338037e-05,0.00015050216309237332,2.122434771818131,0.011311184229524988,1
4.885216482124895e-05,0.390625,0.00013949074640561986,0.0005086062174767933,1.5700124057182359,0.019122762667855887,0
8.50686975064484e-07,3.125,2.3375063659380026e-05,0.00015291194187538404,2.1591415865622476,0.011447627700491908,1
6.24791534560374e-06,0.78125,7.884466426642329e-05,0.00017767139583376053,1.5265526369122095,0.009795812762484072,1
7.05410824106099e-07,34.375,1.665148683742354e-05,0.00010316934942778095,2.1702105511665875,0.009292647800846477,0
8.073568658430707e-07,3.125,1.8641035720498238e-05,0.00011774269486897615,2.135727983927855,0.010007931676584526,0
1.3169217888717673e-06,7.8125,2.846031017717104e-05,0.00018904407933802712,2.1028828074414516,0.01271108413605942,0
1.1416989905902856e-06,1.5625,2.475249540426474e-05,0.00015627689354059227,2.170718372091697,0.011420560901730792,1
0.003991340092342523,10.546875,0.007292352853268819,0.07182414374545593,1.7015238510584623,0.25646639823301587,1
6.225473332314751e-07,11.71875,1.7434149356618683e-05,0.00011466992744994823,2.1336908577427205,0.009919094601010125,0
0.0001447055942102313,11.71875,0.000657875115760142,0.0033498312335771808,1.6859643657663799,0.05193969377715923,1
4.272867867796442e-06,3.515625,3.720324234937166e-05,0.00025638107806992425,1.9677891778527075,0.014285723958256152,1
8.221983916093668e-07,7.421875,2.176781803049125e-05,0.00013537010997062115,2.116677407862092,0.010758796039886095,0
0.0018466482710132732,0.390625,0.0017589768161386313,0.004380473151474131,0.09731988162972846,0.026061721189028768,0
0.002405587475537137,0.390625,0.01322980593893084,0.05438402103764777,1.6279763200004458,0.20144879001081856,1
1.2858353144248415e-06,0.78125,2.3804767369375364e-05,0.0001287017226775557,2.049486910992846,0.010377645448247798,1
0.10179698892142723,4.296875,0.2670610622318993,1.4920274068377835,1.3391674621818084,1.1034591072672741,1
5.2052291953857705e-05,9.375,0.00015706840548075976,0.0008767919050558194,1.4518221600548646,0.02586092391109547,1
6.960711440480154e-07,5.46875,1.882957529472001e-05,0.0001196798807492518,2.1845908604866606,0.010096336357997383,0
0.0063628633320543205,10.546875,0.022290346994036443,0.1772294137796062,1.7722884442133648,0.38658463529650994,1
0.0015503124685445492,0.78125,0.00329174541417005,0.004861862946405658,0.29833217997857775,0.02618612431056227,1
7.016382264508111e-07,3.125,1.7859394969086293e-05,0.00011086919174702757,2.163957056189529,0.00976095105824033,0
0.00028244377077279314,8.984375,0.002163892066711679,0.010870025482913749,1.790630490468149,0.09447537761786168,1
0.004241533170785822,9.765625,0.013807402627670044,0.06159791206148174,0.4177021024300672,0.2058680448060924,1
0.0008092027916715707,0.390625,0.0012062171190376381,0.003171690142544958,0.12983046743837065,0.028921937029199735,0
0.004017031250816377,5.46875,0.011839597218593496,0.06352014720380339,0.12104266352805094,0.18022596354642884,1
9.554725789637554e-07,3.125,2.0978447746756265e-05,0.0001312051984697402,2.1150085270719887,0.010643799095612428,0
6.557886701915521e-07,5.859375,1.5447620467960705e-05,9.941266257615182e-05,2.1251581140344546,0.009161369750884963,0
0.009130451047533718,0.390625,0.034893327233087176,0.045997134299642375,0.0689289355817642,0.0690035984724276,0
9.734336574096197e-07,0.390625,1.96243611010321e-05,0.00011628094773659742,2.1276005281782546,0.009868603270132075,0
7.599579499013073e-07,13.28125,2.125322189752263e-05,0.0001321328644102462,2.100787267443895,0.01053903681529004,0
8.596581088909026e-07,4.6875,2.1629158787188512e-05,0.00012676477980391417,2.1397861712755817,0.01033402035835291,1
8.982628467885656e-07,1.171875,2.1050311069284535e-05,0.00012623671027288933,2.0883550821477246,0.010292150206084419,0
2.3559942022590666e-06,0.390625,2.9013084988433773e-05,0.00017040334233169277,2.0137679861617097,0.011756583344593391,1
0.00016201415874386415,0.390625,0.0001889751876845623,0.0009931007977714407,1.0364588842745297,0.030984477345636866,1
9.394229312812807e-07,1.5625,2.275829090146038e-05,0.00014354996245595177,2.1572185044439327,0.010953354260329244,0
2.8162888422385203e-06,0.0,2.002638187865821e-05,0.00010936723639043599,1.0199839567864886,0.010083740015991157,0
0.00031374370949525476,0.390625,0.0002836114378673967,0.0008055723673005058,0.3153011575996382,0.018443812718308552,0
2.420357282049217e-06,0.78125,2.7501408143616648e-05,0.00014264671523999835,2.0332322440591923,0.010636222050742989,0
0.003563336641695658,0.390625,0.009294815283912176,0.01290923991959363,0.04154634550281496,0.057575203186224326,0
0.0010393901067562246,0.390625,0.0017287302316232034,0.004778605202785989,0.7149893139125824,0.04012590600726432,1
8.755718882009121e-07,6.25,2.2585134007190315e-05,0.00013704850123033162,2.140010910365575,0.01071657672437005,1
0.00044048047598741424,0.390625,0.0005213615169385743,0.0015338939681155666,0.5068272961279817,0.02079934389337072,0
0.008625369056158372,0.390625,0.01997006083362147,0.06117304514277377,0.30555679924121176,0.1806533350352664,1
0.006810463051819452,5.078125,0.014385621041080961,0.06431728020338622,0.018150825630397136,0.1311254947040844,1
0.00025575691107967654,0.390625,0.00036044895114032316,0.0012168099494609909,0.1692994385967158,0.026389986797273602,0
2.4632638960832033e-06,9.375,2.713157574767792e-05,0.00017852398662929425,2.085988443674061,0.012455312396217666,0
0.0001306179383382452,0.390625,0.0002517607211544809,0.0006408086707417244,0.7606653693606847,0.016169729097113783,0
3.1866292912056267e-05,0.390625,0.0002005482041217714,0.00044803059252496104,1.1063572683945582,0.015406935958038201,0
9.246735964714791e-07,0.390625,2.110676288377114e-05,0.00013192832465195155,2.1041944365686835,0.010499441675283973,0
6.310064583159707e-07,7.8125,1.991855909931747e-05,0.00012601671272908412,2.061732511208337,0.01054647522179766,0
1.228415174137188e-05,0.390625,5.85339579041742e-05,0.00038978338034347323,1.615067875877967,0.01834922811843077,1
2.7246704928017493e-06,0.78125,2.9302101864049854e-05,0.00015442235156806327,2.0108170859453938,0.011237349501135191,0
8.348532870694906e-05,0.390625,0.00014265850744373318,0.0006557857544254023,0.7804231379747517,0.019232944044890718,1
0.0006498623534050002,0.390625,0.0009435262134725064,0.0030006934495688236,0.21284370821521573,0.02592714635623858,0
9.602389107693193e-06,0.390625,5.0322551691722386e-05,0.0002915232319932091,1.878459848138686,0.015906418244040262,1
0.0003446275292100145,13.28125,0.000773963867536533,0.0037951640549701926,1.5852522719397297,0.0547384088146406,1
1.9594425202760743e-05,0.390625,8.970261239562492e-05,0.0002776907910548226,1.4835411512411842,0.013362791784815024,0
9.843283070209784e-05,8.59375,0.00018343270988126033,0.0011100466945308135,0.45280004296810983,0.027482412272308118,1
9.715308635884528e-07,4.6875,2.23801140082025e-05,0.00013763241703002819,2.1450503567505668,0.01073715652397677,0
4.137574063604279e-06,3.515625,3.547623351678638e-05,0.00020631264521639458,2.018732097252401,0.013017518681057124,1
0.0003462673098854206,0.390625,0.0004796186306728495,0.0018528008217002603,0.8273044230959622,0.02923319106273166,1
0.005030830591552839,10.15625,0.007927904305112869,0.05001457493466202,1.0372925984794037,0.19820001745725577,1
1.023433220591414e-06,1.5625,2.424472060911118e-05,0.00014932469833617995,2.121493710115109,0.011204578250213666,1
5.771610432374733e-05,0.390625,0.00014918970729591664,0.0004764023471355872,0.9296366348616412,0.015200360602309972,0
7.930279326049131e-06,0.390625,4.727078957406249e-05,0.00019552101304771318,1.346778729471814,0.012832076554730882,0
0.00011665307660635549,1.171875,0.0004904457188227426,0.0007413294971687573,0.6609921582458075,0.01461100813984284,0
8.289178832019186e-07,18.359375,2.3033717655467687e-05,0.0001470734310775938,2.143772832415188,0.01116831662514898,1
0.0001630666584580329,0.390625,0.0004909405859245823,0.0016120025891192087,0.6723273818697942,0.03537032182165287,1
8.240812787098464e-07,5.46875,2.2536062865066636e-05,0.00013380907159545426,2.120425631497266,0.010640110866533782,1
6.71060617071819e-05,0.390625,0.0001931215715152798,0.0003803829054084473,1.0748771645552626,0.0135301969398034,0
0.010529078384874772,9.375,0.014568515058825888,0.0765707762827019,1.16662528066355,0.24282338489073924,1
6.990234946363163e-07,13.28125,1.8506883656720898e-05,0.00011317581283619362,2.123371099277282,0.009749820074539122,0
0.00032880710684455146,9.375,0.0012519489057884509,0.0077776380242606455,1.5272635336163767,0.08051392553191028,1
2.0830580419858474e-06,0.390625,2.582723156988834e-05,0.00015425426054400335,2.072356216954339,0.011241584856281907,1
7.926643025775821e-06,0.390625,3.806118525025783e-05,0.00019425058539625104,1.660846077759331,0.013052793874617835,1
1.2212195623406568e-06,1.171875,2.3363149727543528e-05,0.000145724275664522,2.107201025610472,0.010980101749927714,1
8.465123021311648e-06,0.390625,3.107114121075229e-05,0.00016735289350337728,1.5748240844695187,0.012490598394525158,1
7.518341241962317e-07,10.9375,2.3521686634745265e-05,0.00014792725128268607,2.1674332400863325,0.011131104640653113,1
8.08293043339412e-07,48.828125,2.0367616665194396e-05,0.00012309514420414172,2.1018313837550147,0.010112240601446923,0
8.262333031399786e-07,1.953125,1.7703995460774497e-05,0.00011356490452309262,2.104255456538753,0.009868391718962564,0
0.00014747248095658768,0.390625,0.00042613897242013384,0.001994592756916255,1.7098459181510244,0.039915181320500995,1
0.00018404495421218235,0.390625,0.0008402715210167924,0.0040927727903095614,1.5441464946710632,0.055263974935002666,1
7.518723187697043e-07,1.5625,1.8653154020357936e-05,0.0001199026223783735,2.1286607319143864,0.010060845182414263,0
6.579141353822295e-07,8.59375,1.9685352655487805e-05,0.00011838492663203385,2.153191857660238,0.00999738574127054,0
1.4448156206866418e-06,2.734375,2.986054881744088e-05,0.00017869219172563208,2.156049249023844,0.012241168822472386,1
8.102091173890847e-07,3.125,1.9743354902274754e-05,0.00012539942641745275,2.040986194554926,0.01044833320066182,1
1.2429718308914966e-06,0.390625,2.1374385031324507e-05,0.00012992525896131195,2.0743011595370877,0.010396113495754727,0
0.006337939864217312,9.765625,0.018510719530202936,0.07777002587176324,1.3717112621448015,0.24289475240010408,1
1.0289792892792337e-06,1.171875,2.3131399347242238e-05,0.00011920729555309766,1.9660281607333046,0.009986488599806305,0
8.688096932813217e-05,0.390625,0.0005648852142555911,0.0026734845703293678,1.6503694584915078,0.0453772465099729,1
1.7684948976197285e-05,7.421875,5.198471584618053e-05,0.0003459743023712336,2.002060271221815,0.01706651517822884,0
0.0010684775968571904,0.390625,0.002546603176407423,0.0060046195189613445,0.16410189374613093,0.03244050848494714,1
0.00019462035820600116,5.859375,0.0006155185922657124,0.0030881990184190573,1.6652609640446876,0.050337892462506695,1
6.599992946129473e-07,5.078125,1.9321333949121137e-05,0.00011791506577303812,2.1369497169018685,0.009928432413441457,0
0.0252356309546771,0.390625,0.08538242135984822,0.4948264949521235,0.5818898935395609,0.5862321084719357,1
0.00035838735996034527,0.390625,0.000802709672576864,0.002683978123193359,1.2985923701099542,0.04243012340339098,1
7.202325955893161e-07,4.6875,2.036521127766562e-05,0.00011985073437185184,2.1227305613098206,0.010027381845690457,0
0.0004136903551043699,0.390625,0.0014633982909840824,0.006874545198552098,1.3761401219184217,0.07207041091805859,1
0.0009314748625415922,0.390625,0.005544560504815531,0.010565031310144631,0.5293913238955669,0.061171914856481616,0
8.161150371884804e-07,3.90625,1.8974968766969438e-05,0.00011733888941993236,2.118141541355835,0.009904983727620676,0
7.576132747684514e-06,2.34375,8.06405533759512e-05,0.00023020631103046134,1.5996320321356556,0.012074691128938749,0
9.725339279123165e-07,1.5625,2.301743953834321e-05,0.00012714417239828224,2.0533530494413013,0.010254455963490942,1
8.069823820763782e-07,2.734375,2.16900651777391e-05,0.0001357815459273327,2.1309953011545835,0.010750698541155972,0
9.723165633275598e-07,25.0,2.3409018183715112e-05,0.00013790421275668388,2.0844757356230543,0.010748245446161531,1
7.55575334848297e-07,7.8125,1.793727144356694e-05,0.00011265542497376376,2.142671676930355,0.009731611095496386,0
0.0014972240398691391,10.546875,0.003521878707908717,0.017900323831463956,1.3373819896837644,0.11469792114870549,1
0.018410884598959187,8.984375,0.038776682716683754,0.1477379116809946,0.9682095268030272,0.3383414608819134,1
0.00029566869922661917,8.59375,0.0003206893869484229,0.0019113765973533489,1.5546188762507762,0.0392759544234299,1
7.934270573427542e-07,7.03125,2.010195230549573e-05,0.00012894504352503502,2.094120899945864,0.010487229157403468,0
2.4587644658716475e-06,1.171875,2.7499657895566633e-05,0.0001649150374279871,2.0029126760509364,0.011592919467914707,1
0.002224549657128687,0.390625,0.0030819702792165013,0.0076174755902862,0.3921867064933761,0.04502205542762757,0
6.2417235573944e-07,14.84375,2.0035009199132098e-05,0.00012827285609645552,2.14165369672294,0.010389868462741723,1
0.0005681893277795968,0.390625,0.0011964077651173896,0.005167639759241563,1.0055689830090062,0.05640464816607543,1
6.43892423413768e-07,7.421875,1.9073619584600566e-05,0.00012399341368086404,2.140930886036982,0.010246228206130734,0
8.46737113472676e-07,1.953125,2.014031667727573e-05,0.00011507835323630514,2.0912371930043796,0.009822841425908188,0
0.00010924192112968047,0.390625,0.00017642200908704568,0.0004787879903572216,1.0437729065322816,0.014141162122724019,1
0.00014303741898087643,5.859375,0.0005348624060485009,0.0025759517444976176,1.6724342655734317,0.04601744919514085,1
0.00010667619023612849,12.890625,0.00044999524100646285,0.0022222334275846492,1.620467981566118,0.041332834581825,1
4.386986845428297e-05,8.59375,9.762797178180962e-05,0.000533214244816863,1.7414509285442719,0.020630508788949613,0
0.0008260471784619168,9.765625,0.0021017135632353376,0.01615519569370166,1.5665031165846528,0.11836400323076418,1
0.0003126467654015676,0.390625,0.00041043191476397236,0.0011011251538890427,1.0182578784974246,0.023439427906834762,1
0.0014887976485385866,0.390625,0.003293117438563544,0.005832593351683947,0.11931293270648795,0.03344500748413304,0
4.462286288436521e-06,0.390625,2.3410082304687914e-05,0.00013846959986593135,1.5982461603845666,0.011440484937054744,0
1.4242258038860684e-06,9.375,2.515980249760531e-05,0.00016070350787395778,2.142530384684237,0.011725986422346672,0
1.628056031002322e-06,0.78125,2.383149864465948e-05,0.0001313724960093448,2.090952747981196,0.010429390958134147,0
0.003449925799949135,10.15625,0.00834256713111556,0.042192407238088744,0.9388040970280723,0.17898657965020806,1
0.0006359002128364489,0.390625,0.0007007272500974972,0.0019962721763486257,0.40480163717739387,0.023184060594597412,1
0.0011810587167294174,0.390625,0.0015023723089390884,0.0035689901477508335,0.13047602882980971,0.026913334504562503,0
6.30428768161564e-05,0.390625,0.0002061037110519382,0.0009551567835030923,1.6933599347342845,0.02699867580728337,1
0.00306664351830097,0.390625,0.012686313169314118,0.0636916080150253,1.2173773071106342,0.21995080220584615,1
5.32766441465766e-06,0.390625,3.908939696437698e-05,0.0002162578247604556,1.8864446634630756,0.013960410945772751,1
8.236329433212187e-07,3.515625,2.061287511604003e-05,0.00012746739889378257,2.1414199672069447,0.010276775757494213,0
1.9806610158405825e-06,1.171875,2.4776743031795178e-05,0.000152263590887103,2.0630135745089118,0.011269846775337876,1
0.0002769846814447934,6.25,0.0010027066388172776,0.005008544822613951,1.5515687397743376,0.06207700073804818,1
0.000692915822443466,12.5,0.0017947804602454717,0.011529082539943872,0.6096065397466618,0.0816206157608645,1
7.689592122075237e-07,3.125,2.0410813043015694e-05,0.00012753081296536847,2.091473587884512,0.010442166563727253,0
1.9055881624092588e-05,0.390625,3.54543356367376e-05,0.00017570566112266555,1.167213824333908,0.013330334697564776,0
0.00010689055366319803,0.390625,0.00029843328101973474,0.0005377121715080462,0.4257458498882421,0.017835203792045673,0
1.0441847037865692e-06,6.640625,2.5705161090767914e-05,0.000155003000349275,2.1066141989779266,0.011329366603089745,1
9.65324982498089e-05,8.59375,0.00021626358293993738,0.0016709253609249637,1.5801831301365858,0.03845639185332744,1
8.016078772031709e-07,8.984375,2.0604758840789872e-05,0.00013104328357985384,2.166251845320103,0.010657699076466359,0
1.0998560130002012e-06,1.171875,2.1496945768129464e-05,0.000133365685424472,2.151940875064463,0.010611148168510028,0
8.862758083586587e-07,1.5625,2.1724207556649992e-05,0.00013468022743108544,2.1025293619267753,0.010645134164857174,0
0.0037894774562369587,0.390625,0.01524480228541623,0.05932929076523113,1.1279131577160153,0.21460392734672543,1
0.0006109347315290884,0.390625,0.0005737600490236295,0.001572289007135338,0.2740259856495204,0.028835379418951323,0
9.423251723513516e-07,3.125,2.2977600492097667e-05,0.0001403906546748582,2.1147564818160096,0.010815543959798488,0
1.1940357152222362e-05,0.390625,7.200446962952548e-05,0.0004592795093623835,1.8694815282171877,0.019111770209944094,1
1.3904045094870801e-05,0.78125,0.00012300524496479252,0.00035325402076213464,1.3860269232834679,0.015033232845688343,0
3.1224047335886544e-05,0.78125,0.00022772108087311477,0.0003819076753947923,1.071845915177539,0.011915462617602787,0
6.716157795611543e-07,12.109375,1.8257899491453135e-05,0.00011770098674869947,2.1102450296637247,0.01006853590642832,0
7.658790320239926e-07,3.125,1.8583709784255498e-05,0.00011987729149448959,2.131287439399577,0.010113527224909952,0
9.235859622933251e-06,0.78125,5.722629120570719e-05,0.0002546442590783396,1.7961820898535252,0.013941142825586256,1
4.1333206682992504e-05,11.328125,0.00015624723791744804,0.0011980573535673032,1.722793449307101,0.03174690481737469,1
1.650908569914117e-06,0.390625,2.8886477573214198e-05,0.00017258441134277038,2.0644343991915974,0.012020464841930194,1
1.3442083260505139e-05,0.390625,5.857850067469759e-05,0.00042864637737171686,1.8976105117818896,0.019287596638643562,1
1.0007073876507606e-06,1.953125,2.2274200261499966e-05,0.00013766439774961784,2.1053398534587324,0.010737840422749468,1
0.002528161311919517,8.59375,0.0033653245581012473,0.022300438897869895,1.048589164095927,0.13853345265541242,1
7.204913822567902e-07,1.171875,2.0547327175611315e-05,0.00013153572214703822,2.1320019795529777,0.010619470058273935,0
0.013315649557121549,9.375,0.016317620424951437,0.0796850196752707,1.0016693096728935,0.23425883101996917,1
3.7406739735572636e-05,0.390625,0.0001503979739996353,0.0008121387201401003,1.544843004339664,0.024644746866936088,0
7.923412739229297e-07,3.125,2.076457646264812e-05,0.0001308810750358088,2.1372264242394587,0.010524100430678595,0
1.549067399602659e-05,0.78125,0.00012198734512449449,0.0002357008851754339,1.207781159400315,0.010650418699041028,0
1.519538155546728e-06,0.390625,2.4979340745415136e-05,0.00014866938873703018,2.061393467424984,0.011177182386294178,1
8.896904040074966e-07,0.78125,2.0146797790526722e-05,0.00011635021427448673,2.109693668030025,0.009955201683919475,0
7.229281625975575e-07,1.171875,1.740643485440572e-05,0.00010709299114317838,2.146147450102072,0.009470595834094516,0
1.0485871576552887e-06,7.03125,2.4249327909210982e-05,0.00013811589054742006,2.1280525198649634,0.010694503266731884,0
8.081601732482123e-07,10.15625,2.0194782791416136e-05,0.00012672537622220568,2.1657678142116548,0.01039962778117497,0
2.177308407223473e-05,8.984375,7.542116891238181e-05,0.0005289865579727597,1.8668584067884544,0.021054535413910145,1
8.424686598782677e-05,0.78125,0.0002736883298142211,0.0018060202478576831,1.6963628483472564,0.037860246022845045,1
0.007518630713265686,11.71875,0.014324032450556466,0.07064812914873762,1.3301119545434155,0.21863948591363144,1
7.354881226110202e-07,6.640625,1.969811080516753e-05,0.0001261953543103492,2.11097074704947,0.010509104625348556,0
1.1562907406821297e-06,1.953125,2.028844456623389e-05,0.00011446721402537618,2.0112786226031836,0.009815219918978439,0
2.3054757795242216e-05,8.984375,7.468230261149377e-05,0.0004316152382525895,1.9481582847286258,0.01882399369269497,0
1.4019155854393293e-06,0.78125,2.5538234766418455e-05,0.00016513178523960625,2.149694884604097,0.011923715174924148,0
0.01325101502092597,5.078125,0.05949810669630199,0.3833906400816023,1.076812277825757,0.5430899347934514,1
0.00022337293126984501,0.390625,0.00022363668141425888,0.0006962007327737284,0.375428117289596,0.017439180600110248,0
3.729272578701679e-05,9.375,0.00012220006525018396,0.0015118493995306993,1.7400334686076528,0.0372156821211804,1
2.6479399528767005e-06,0.390625,4.2157624823759406e-05,0.00019596988167322775,1.9191424663904169,0.012368774847623677,0
7.952545936795475e-06,2.734375,8.347965654196246e-05,0.0002414958464605325,1.5324391496695113,0.012857222277162086,0
0.0007317572028313401,9.375,0.0010847331990450088,0.007441049399613323,1.1179509684925042,0.07197145892425823,1
0.0008437764257131724,0.390625,0.0017774811711946403,0.003118972194060121,0.10780115481625425,0.022363227564773276,0
9.291838700229455e-07,9.375,2.3450497021657244e-05,0.00013923433257446028,2.118255328233856,0.01075075629954294,0
5.79239390512541e-07,7.421875,1.6399970386050313e-05,0.00010457841501247461,2.0620244284974385,0.00939383004580034,0
0.00028504152417550295,0.390625,0.00018552510298286962,0.0004416583897151971,0.18453539210716485,0.01939531968761305,0
7.8332578569746e-07,10.546875,2.1976575453480004e-05,0.00012858271715964737,2.105458473447056,0.01036986240808334,0
7.683430275500802e-07,5.078125,2.3196996892130686e-05,0.00014441791755514914,2.1618828082810313,0.011047580553987817,1
3.904157080745885e-06,0.78125,2.723784034656826e-05,0.00015393913628600585,2.06213563814502,0.01122307626531517,1
1.2124864234341838e-06,8.59375,2.3794977886330647e-05,0.00014009617923366717,2.083519627938895,0.01089166443236826,1
3.6299702365043844e-05,8.984375,8.04286170846587e-05,0.0004703916034363001,1.868399191114803,0.019966027848711793,0
7.064877935545286e-07,11.71875,1.9677581239923618e-05,0.00012572746239299456,2.1015554155559997,0.010349019962282007,0
7.876901580712771e-07,10.546875,1.847240451282563e-05,0.00011041360558575453,2.1390109678126557,0.00962203908141686,0
5.1745937599962085e-06,0.390625,3.864552601762901e-05,0.00030794843628387773,2.035799113226487,0.01637257120502608,1
0.002108002724174828,10.546875,0.00938551485579778,0.046367445289587826,1.3834031733360588,0.19447837895281656,1
7.003055047073836e-07,1.5625,1.769862474035933e-05,0.000114057104139732,2.1230042302004137,0.009913735221111154,1
0.0036653525751622657,10.15625,0.015503007684193597,0.07547506029227419,1.4265209150881897,0.24095669074256426,1
0.00014489230655582747,0.390625,0.0003295782588337636,0.0008350620168579893,0.8793588011421831,0.02337317481283878,1
7.2352393737718835e-06,1.171875,5.845901006796254e-05,0.0001507939003729907,1.5141097692712193,0.00946076028429493,0
1.249863785826262e-05,4.296875,9.492976396092272e-05,0.000425729191411709,1.8680482782482788,0.018043364159994812,1
8.534220089008426e-07,0.78125,1.9198356445373334e-05,0.00012215286196090108,2.105101174871065,0.010131210505803968,0
7.281094129028147e-07,3.515625,1.8927983109822754e-05,0.00011800145121179943,2.117087715828799,0.010018410250675595,0
1.0135848313256777e-05,8.984375,4.687889140879239e-05,0.0002960824992566122,1.7150343293560573,0.01595811326883481,1
2.999769187802591e-06,10.9375,3.187280139270042e-05,0.00017946580370153278,1.9590097357033442,0.012061795298628258,1
0.00292936555933652,9.375,0.004007958354012908,0.020657134289151884,1.0227104940775387,0.12146735033087948,1
0.026303362436844478,10.15625,0.05402523950741619,0.24409266622440468,0.9417986461102552,0.3988636906004986,1
9.154485603387803e-07,21.875,2.2082348720660258e-05,0.00014754552077222624,2.14118987396605,0.01120583481569568,1
0.001330627386886962,0.390625,0.0022916141982132184,0.003350548184428599,0.16205349894624171,0.026090145273228803,0
0.00011979655457856318,4.6875,0.0005829944636041806,0.002670584356954515,1.617605720610888,0.04591363553541622,1
7.796798845493299e-07,2.34375,2.08903671432302e-05,0.00013139954095596403,2.109275642126208,0.0105377446459177,0
0.00044779663480659025,0.390625,0.0007255204766952864,0.0018340370571244663,0.30174282118899337,0.022186001727471528,0
0.0030888241103005838,0.390625,0.0036765441553821224,0.011843286282115147,0.08341818323978147,0.05321160683615833,1
6.556534496241667e-07,6.25,1.6815009364069017e-05,0.00010738940400550917,2.1315393509398124,0.009588051195043369,0
1.0232986823918473e-06,1.5625,2.0597059192714613e-05,0.00013230832727883184,2.1531209496785255,0.010644817209456378,0
2.4034542019990967e-05,0.390625,6.265711844020633e-05,0.0002544947145191412,1.4370934066538357,0.01226028748039184,0
0.00013314682845641906,9.375,0.0003144499814568903,0.0016160336729579214,0.7226591359304276,0.03313250745037052,1
1.0311965340770618e-05,9.375,5.3603344021532285e-05,0.00031824534084461776,1.837857969145299,0.0163883800677406,1
8.662575562591453e-07,8.203125,2.371174667927998e-05,0.00014247322088754047,1.9258512803179004,0.011201120854815082,0
0.006768273705647032,8.984375,0.012226293315197166,0.07046731332619349,1.0208006602759885,0.22220455430124458,1
0.0002633819338149964,0.390625,0.0010066851731371732,0.007926214129803648,1.6148803601964326,0.08155338229143909,1
7.302219004778741e-07,42.1875,1.914526003714946e-05,0.00011912392184300371,2.113242565211496,0.009954574409903005,1
3.0034612950364847e-06,1.171875,4.626828428633655e-05,0.0001634512494229119,1.7288026515984112,0.010905559985574534,0
8.603581462446388e-07,5.078125,2.1068427439858657e-05,0.0001267954073317131,2.1442828766312476,0.010337111340916737,1
8.276428270244047e-07,4.6875,2.0618511461650835e-05,0.0001233067120877106,2.1260273397397076,0.010126828713844755,0
3.940140816747392e-05,9.765625,0.00011594904541903709,0.0008074585897806248,1.9195446117067614,0.025894089641166455,1
9.074143450590374e-07,8.59375,2.029293753692205e-05,0.00012513333488164627,2.1103864593503205,0.010227408651378838,0
0.0047417355874488695,10.9375,0.011991805671311105,0.15298159237318154,0.5215790165367262,0.3405978151287382,1
6.346801854940881e-07,8.984375,1.9034088866434872e-05,0.00012346220202518715,2.1310618067373786,0.010233291367695704,0
0.0011363104814319969,8.984375,0.0028781583730692712,0.016272393497075936,0.48213034144805705,0.09395292865348757,1
6.073526655658432e-05,0.390625,0.00013741492550027563,0.00048391928028622194,1.0670341956509872,0.019692466463844285,1
0.011589279118852068,0.390625,0.05905276809949408,0.07946769931498383,0.014481319814918944,0.06231574381113215,0
2.351011756906462e-06,0.390625,2.9836958060463174e-05,0.00019838859312535365,1.94764320074582,0.013480468751699608,0
6.885929164204935e-05,6.640625,0.00020994060623692295,0.000879643265498799,1.442796458611568,0.02489156707207808,0
4.514984574839637e-05,8.984375,0.0001095954884615024,0.000866320982954563,1.8107375195053579,0.02721066295080501,1
3.432496145507732e-05,0.390625,6.168848864101858e-05,0.0002556007766276912,1.6637679601079067,0.013761144914343559,1
9.332946606955922e-07,1.5625,1.985762874870447e-05,0.00013515168183747422,2.1615329113122574,0.010812187276184873,0
0.0007393555849768224,11.71875,0.0025176175071193797,0.011202590233848685,0.5304531255685687,0.0716193565091376,1
8.419167268556316e-07,18.75,1.9930235504181407e-05,0.00011249501335684272,2.1407967034142716,0.009642930280525982,0
5.649355145097731e-05,1.171875,0.00024180765007696166,0.000868011082593761,1.3701699171292236,0.025720559337089912,0
0.0010842865326803695,18.359375,0.006308202324451007,0.028658599778921143,1.6571010721873762,0.1487136389195306,1
0.0024184189903001187,11.328125,0.0048020376562815,0.023997267911772736,1.5759945925029462,0.13709848203962452,1
0.0017367164380250977,9.375,0.002338855414369907,0.01069479777383225,1.0725609235098859,0.08625580711703383,1
0.0013399449932027774,11.328125,0.0037324116645599055,0.017278080595483174,1.1653205579573804,0.11037336699340776,1
0.19644949317220964,4.296875,0.8056577316605988,2.5285448149783973,0.8612066651137484,1.2310755176892423,1
0.0005123005830159987,9.765625,0.0008676381123764259,0.003876461695497829,1.25687145431766,0.051141618952500266,1
1.0176157310559724e-06,5.078125,2.1610277406903294e-05,0.00013002636978919936,2.0923985403712755,0.010386233366273548,0
0.001297622711261379,5.859375,0.003998813814582861,0.01789268900368472,1.506316323378574,0.11815695947618439,1
2.4261600477212826e-06,0.390625,2.585064569541666e-05,0.00014153878440473322,2.006065725859091,0.010717891003712841,0
2.02040027592497e-06,0.390625,2.1907479391195352e-05,0.00012823523564606577,1.878677661168556,0.010929302366800302,0
8.018096677253683e-07,3.515625,1.870820871829777e-05,0.00011364614020596117,2.0983280478652193,0.00981841652472415,0
6.789773501156083e-07,18.75,1.923209902006096e-05,0.00011850048380579723,2.1691474912402664,0.010044108404177724,0
0.0002032012709705189,17.578125,0.0007530494559417449,0.004463135665750184,1.7394683444809231,0.05855893374391873,1
2.0880618149882006e-05,0.390625,0.00012373546399367912,0.0006490404351770765,1.7088631486946164,0.02217840682612555,1
0.002294892249471437,8.59375,0.017759664367520273,0.07425606065342272,1.1848888648620053,0.23635923569433712,1
5.8084061147545514e-06,0.78125,5.6113696835283144e-05,0.00015308297560003364,1.4687209470539415,0.010061543084780068,0
0.00018277040604487374,0.78125,0.0016888018538683844,0.007730891549782112,1.816118207303632,0.07791789926104037,1
2.8292650354078018e-05,0.390625,0.00014680421714333584,0.00046961983985044934,1.4013761413148562,0.016317729823271187,1
0.00028274567251724425,1.5625,0.0011499426931217624,0.001492123640839409,0.33661727986594714,0.015530638341516068,0
0.000973261015836649,0.390625,0.0010118370816992331,0.002596984581964313,0.2460922618527781,0.0248553135227073,0
7.099214181563806e-06,0.390625,4.807447284873727e-05,0.0002596646911061492,1.9173432373353883,0.014128241904718706,1
0.0023429182310324608,9.765625,0.004254929421780469,0.02845063713387905,1.4914604598779333,0.15436998598708143,1
0.00014468314736870667,0.390625,0.0004944728212418807,0.0009845496805168292,0.27152166571330266,0.02326118068502902,0
7.820044593358227e-07,8.59375,2.2251133098902828e-05,0.0001352039899251346,2.1090143907244943,0.010761862627919318,1
1.1189055780901284e-06,0.78125,2.2137582121139014e-05,0.000126183415554539,2.1133833259684094,0.010291230155693408,0
1.0587950991928358e-06,9.765625,2.7145891985550785e-05,0.00017471623896535778,2.121706681906112,0.012196158928813941,1
6.629341101303009e-07,15.234375,1.9778192484380495e-05,0.00012384802166750836,2.1248903028053494,0.010250751728738608,0
1.3496360308795012e-06,12.5,2.524483631491085e-05,0.00015864961147399044,2.1662602202520413,0.011477472835027232,1
0.004017687400241251,5.078125,0.009906722333133907,0.036875758143863444,0.9254450409318147,0.16831458258806625,1
0.0053425301316627665,9.765625,0.011482993467665252,0.05932354967155647,1.4201494354992485,0.20875314929028602,1
5.5666534567084214e-05,0.390625,0.0003278346647745454,0.002637676164926636,1.773293800575693,0.047062926097466554,1
9.02814917352328e-07,1.953125,2.1457969072767955e-05,0.00012673270941329076,2.124480026034522,0.010361546683682952,0
8.908086138977167e-07,1.171875,2.197684741401712e-05,0.00013706698763566797,2.0791860907394626,0.010754649753721073,0
0.0001360731361861773,1.171875,0.0007486506433432573,0.0026996126089628716,1.2876716782925592,0.043742916398555765,1
7.748725691570704e-07,1.5625,2.055539075745275e-05,0.00012615381293058512,2.1359376230533225,0.010376765735441674,1
0.003676547836593101,0.390625,0.00780807566400765,0.03333708995257334,1.3097978726807367,0.16454598096837805,1
9.89057861934097e-05,0.390625,0.00042143328985693243,0.0014204804325249586,1.2363879806719429,0.030971898674374467,1
7.153859476342057e-06,1.171875,7.857898078328856e-05,0.0002165918053624338,1.4455238470921956,0.012086093503757675,0
0.0005793376009942524,8.59375,0.002009378034284415,0.010066639531260035,0.9416666792831014,0.08486205633455166,1
2.392709054339596e-06,1.171875,2.9657103708217728e-05,0.00018399148988032795,2.0928260648057853,0.012423997583637388,1
0.0006568312000837692,4.6875,0.0024289474639914133,0.012350902023884572,1.479626968411627,0.09747489686554446,1
0.00873880307705101,4.6875,0.014356242212374377,0.0756044383916875,1.5704278609189724,0.24629045319038628,1
7.287658246370548e-07,1.953125,1.8545594512767506e-05,0.00011370204578389244,2.1116300811648068,0.009916242706105811,0
9.865086006808187e-07,1.5625,2.255320329630907e-05,0.00013442215905399042,2.1319630135786767,0.01060471863545799,1
0.001954285265978051,0.390625,0.0027259723180154695,0.006200862053962466,0.1030816621067104,0.029577834491199342,0
0.000643754907425466,0.390625,0.0007858773374576976,0.002041997681531989,0.29934619259402906,0.020681019035786462,1
0.0023734509099737214,9.765625,0.005711431954874505,0.023799796988250833,1.2417761783429164,0.12923244269130027,1
6.366169880812103e-06,0.78125,4.074026175495862e-05,0.00019513644787770297,2.0122642931825436,0.012390484186928119,0
0.007741547259023049,5.078125,0.016974642409927812,0.17931969061325528,1.6731411978573236,0.3968908855414218,1
1.0274409641599584e-06,4.296875,2.2186736496685762e-05,0.00013073399182161478,2.0846791908173588,0.010554860058143066,1
6.461405934747328e-07,1.171875,1.735700870133869e-05,0.00011801857383644771,2.171141050101749,0.010042564375717792,0
2.565686185759063e-05,0.390625,0.00013286641523561416,0.001013965933965043,1.7276095200495625,0.029712506415009717,1
1.4870766836114039e-05,13.671875,5.997219091692807e-05,0.00026575601917447507,1.5931022214869026,0.013821853163680412,1
9.457081176078355e-07,3.90625,2.2602150946449253e-05,0.0001385441471222051,2.1811257865483147,0.010761390675516277,1
2.909811799680253e-05,0.78125,0.0001575563859991995,0.0003222898606549791,1.152497510418044,0.012329224795313594,0
0.000801916275596857,0.390625,0.0006561686693024934,0.0012034492639323936,0.032968814657256505,0.03006190533892228,0
2.1336803704043107e-05,0.390625,9.051963901725098e-05,0.0005793917488441293,1.926316262585164,0.022357824599130178,1
0.034103608769920184,10.546875,0.05454156201672182,0.5223535231000995,1.1728131480038053,0.6518696727107388,1
6.616101484851e-07,32.03125,1.8607152042615897e-05,0.00011989296286703487,2.138610639188575,0.010052667683170775,0
7.220276681434982e-07,6.25,1.9473728016613778e-05,0.00012684730837330565,2.1388130696858876,0.010381930485983449,0
3.699850955920113e-05,0.390625,0.00012691231138972026,0.00024657840411606603,1.1199731646062456,0.010982186928485307,0
8.717007225154842e-07,0.78125,2.220423792648421e-05,0.00013530576494908317,2.1071222029750376,0.010766304270455843,0
0.0016089550907744568,0.390625,0.010513300060979168,0.04899279506328413,0.6316851823520457,0.1759143016574384,1
4.4947441882534166e-05,0.78125,0.00024214242005480118,0.001048786568458396,1.3707642320190947,0.02692111162877629,0
1.2213014705928772e-06,3.90625,2.267990239183899e-05,0.0001332617625140183,2.113771290984827,0.010593006381182454,0
0.00016165587472733752,0.390625,0.0006687047936235438,0.0009098255384990523,0.503171836011266,0.014145441067901094,0
0.006713185269905208,10.546875,0.009683818148273465,0.048118318281430206,0.19472681948295778,0.16125124159822704,1
0.0023538690872861212,0.390625,0.003539555224467726,0.008155561484912394,0.026908514616023674,0.03117740906683834,0
0.000613442368701391,4.6875,0.0017262115357599605,0.01010317993786995,1.593917795340424,0.08960821560218152,1
0.010003825892822187,11.328125,0.014670702068953738,0.059113171845766616,0.7105388010210819,0.18287173415341063,1
8.774738461610579e-07,10.9375,2.131311246117129e-05,0.0001322001464309966,2.117783809517981,0.010643481319863111,1
0.00011600424512986421,0.390625,0.00027788344871356585,0.001231277040269996,1.216607800121164,0.027946648801612264,0
9.50168027033373e-07,2.734375,2.4094660195570084e-05,0.00014297714657914728,2.0545534137552837,0.011154089416716383,1
0.0008911959278695106,5.078125,0.002581126546276764,0.015481704443763209,1.4253448466399978,0.11170333529395851,1
1.0595962698269438e-05,0.390625,0.00015296740503505552,0.0005873352121189494,1.7461884962330694,0.020644634685633986,0
4.192437851730506e-06,0.390625,2.463567456884659e-05,0.00014792031546059757,1.9092535521872755,0.01153390493839476,0
1.198624642586807e-06,1.171875,2.37231064730032e-05,0.00014349741188288327,2.09100309269243,0.011023389010568964,1
8.036562276970567e-07,6.25,2.0327617204177287e-05,0.00011786759886901406,2.13759998076057,0.009929219732221588,0
0.07319032860841337,8.59375,0.14896163706287252,0.9821954774881888,1.533083846000798,0.9071454041646955,1
5.137257806772942e-06,1.171875,4.905462679848386e-05,0.00021650135171297105,1.732714791040637,0.013216910315071728,0
0.3210946007049687,4.296875,1.0372457232544332,2.8262618885043267,1.0527689733366357,1.3268031787345067,1
0.0019068217792627222,9.375,0.008758102620603541,0.034388050520068214,1.4978255490337402,0.15788689408903586,1
0.0004708803373402167,0.390625,0.0004672210305001813,0.0017581429860176368,0.41427487520320144,0.021093398968070765,0
0.0009348588873407241,0.390625,0.001633836178791818,0.004736516445782055,0.49357768249485306,0.03939395603265755,1
7.757420750488702e-07,21.875,1.918324295546275e-05,0.00012347613638943343,2.1451084746880142,0.010292501398166619,0
0.0015922400012967678,0.390625,0.004573287248722573,0.01898128427978088,1.2985667139546977,0.11893645791217561,1
6.890546675970665e-07,1.953125,1.9077378831246155e-05,0.0001146482017468553,2.1444517069301674,0.009751593250124067,0
8.413953401603001e-07,0.390625,1.9762610995168395e-05,0.0001233989872394264,2.1492540727226954,0.010318375969243706,0
0.0014716081235188548,0.390625,0.0020820581564574103,0.005990358427412081,0.09924015202712469,0.031094583830222185,0
0.0003973436373716571,0.390625,0.0005023489562331692,0.0016641313967461196,0.3946773890166402,0.026464221452967115,0
6.738726082462699e-06,8.984375,3.58983709910909e-05,0.00022735474910716376,2.025599498485625,0.014138478685861792,0
8.690215574162645e-06,1.171875,0.00010925422759063417,0.00022628081839283937,1.2966689624516834,0.010764163083095307,0
2.7077306470899922e-05,11.328125,9.868297035041795e-05,0.0005629117609892342,1.7333900078204911,0.0213981093055722,1
3.5598551236535663e-06,0.78125,3.749065864811716e-05,0.00018143642371932432,1.940577750961054,0.012078701356632127,0
0.0003981705200065637,8.203125,0.0004548688928372007,0.0021515704042483668,0.4444374795639565,0.03481802892691435,1
0.0008057028539669854,1.171875,0.0020659956972578553,0.010777039251224127,1.5787720409702912,0.09382855987732538,1
1.645653337113219e-05,8.984375,8.237574678283041e-05,0.0006269610091935569,1.9607828413867197,0.022668224419660845,1
6.065640974425252e-07,8.984375,1.702684430715834e-05,0.00010510609746675452,2.136587926641413,0.00955123645724056,0
0.0004372947760032487,0.390625,0.0008060719613965798,0.002114740391275706,0.855945902128611,0.02973199574610565,1
0.0035061692233135104,11.71875,0.005908883110421086,0.032897152102072176,1.207695681967526,0.15892867950880013,1
8.345177712836546e-06,1.171875,7.224773182509368e-05,0.00029908252015192554,1.6173227703820086,0.01520100194491248,0
9.70829527949468e-07,0.390625,2.138186806651855e-05,0.00013281726352066078,2.098984525771027,0.010733610256820575,1
9.473006903604301e-07,10.9375,2.0110834645574486e-05,0.00012760071014209935,2.147218744237492,0.010323669681488715,0
0.0002823202017471459,0.390625,0.00022739677199450385,0.0005027479623588703,0.04058283836675946,0.02338247689603475,1
5.876773480238355e-05,8.59375,0.00016081036884628799,0.0010505977323044843,1.7169075478139229,0.029084560500576895,1
4.1371049194013415e-06,0.390625,3.346888626526352e-05,0.00018205231813178552,1.9479075263521843,0.012216936046981356,0
1.0414575688998795e-06,1.171875,2.0989469560004952e-05,0.00012881392674942116,2.146245921705507,0.010366374215610482,0
1.508253341298851e-05,0.390625,6.512848521694047e-05,0.00038820818128320353,1.6681816688331768,0.018064406187095757,1
8.947706920880761e-05,1.171875,0.0005523949885840458,0.0007732754347603673,0.5706624172172166,0.014818705785919426,0
7.158039652573875e-05,0.390625,7.335040086061999e-05,0.00026491272874925,0.41454189776678035,0.015844886365122417,1
0.08504088208992996,10.15625,0.10857822380489802,0.721199885071802,1.0122205436001677,0.767567639276154,1
2.1685790437824664e-05,0.390625,7.608833012502297e-05,0.000478332344896293,1.651565617514084,0.020205105783440976,1
0.05659090948340718,10.15625,0.10276794672256821,0.5273372882573011,0.7723106122163839,0.6067403827378836,1
1.1157314441797244e-06,0.78125,2.2691371248137602e-05,0.00014330205678636705,2.141860501096251,0.010927553821639449,0
0.06610410651758593,8.984375,0.28717241787197517,1.3515742943756772,1.359386034050434,1.0509971186106686,1
6.601229630821181e-07,43.75,1.7632035825839447e-05,0.00011587461877881635,2.152672380594242,0.010007284754347003,1
0.00010969324279531935,0.390625,0.0003902186096453267,0.001552143987739436,1.0483901369940964,0.031115604625438522,1
1.8776912016711129e-06,8.203125,2.69793281649919e-05,0.00017390398212600578,2.1468741638937554,0.012029226048818075,0
2.0649334059516143e-06,7.03125,3.526713791005943e-05,0.00015034313286418268,1.8869553815011892,0.010738555234584281,0
3.0187629797161722e-05,0.78125,0.0001318581992328822,0.0008173455823361511,1.718589577934662,0.02564280818620049,1
0.008584062506054231,9.765625,0.01215886387237634,0.059486703966405596,0.5880500748859807,0.1986997473851175,1
9.319175207808065e-07,0.78125,1.8736968859563874e-05,0.00011667851531636736,2.1507315514819028,0.009920563090121987,0
7.572056449338909e-06,8.59375,4.653698875832446e-05,0.0003015527223701504,2.0093211612835074,0.016192967302919893,0
1.1438398228482525e-06,4.296875,2.3650510067515615e-05,0.00011937283319637287,1.9127343301238826,0.009946311585534133,0
0.003946239094361505,8.59375,0.01234005531748458,0.04519748292038468,1.4995469412592988,0.18092808540977404,1
0.00026524544323228914,0.390625,0.0008339842602099988,0.0031702842524659654,1.0345408423881788,0.04524449807348403,0
0.005952980887362322,10.546875,0.010168037595030344,0.05296035329693319,0.9348150428753499,0.20338641883565586,1
0.0011384499981292968,17.1875,0.00443269025395342,0.029379842374460036,1.9363218569934941,0.15691959895143037,1
0.011793379621645794,4.6875,0.045971473268605234,0.20075524421994145,1.1157597378290423,0.3926146255829952,1
2.8883773559520865e-06,1.5625,3.48790627960985e-05,0.00022513704021129803,2.0283268837859274,0.013857743399122623,0
1.3123748952909698e-06,7.8125,3.0346931033186216e-05,0.0001466818405117146,2.043526698292266,0.010710377383475335,0
9.641109350096413e-07,0.390625,2.3991333482904182e-05,0.00014580241590832384,2.132098902870955,0.011209615716611646,0
0.00015271272043108558,1.171875,0.000981412287309667,0.0013311099401834652,0.5314649337300678,0.016062144332204934,0
6.280706220823887e-07,1.953125,1.7759217871308787e-05,0.00010406899128411148,2.1002798166376184,0.009397988282730156,0
1.337038177937264e-06,0.390625,2.5118280895931714e-05,0.00014020419154724432,2.0285142322441607,0.010718106130022529,0
4.8002693784300125e-06,0.390625,2.56318566187768e-05,0.00015741898201076713,1.9984568031197982,0.011370189865733467,1
6.676516367292705e-07,39.0625,2.0834608234833407e-05,0.00013728514229900283,2.1524036917824603,0.010748818135695908,1
9.243624838260617e-07,5.078125,2.251404046775581e-05,0.00013934073655389253,2.1008890352049674,0.01078058090200199,0
3.7843047046703504e-06,9.765625,3.275250061711284e-05,0.0001960497274031663,1.9873518620744657,0.012545190429983241,1
3.572594093699369e-06,0.390625,2.359405312040892e-05,0.00012436287051794423,2.006174911717681,0.009888532634829203,0
7.838388572190283e-07,8.59375,2.0706786724895937e-05,0.00012942628942081243,2.116674614410984,0.010501119396903938,0
0.0007531091758861045,0.390625,0.0009458125537478571,0.0035318010187519546,0.7110212987513852,0.03598807306185442,1
0.0006939150538304008,0.390625,0.0009353502752192806,0.003000092044827315,0.15148635013060935,0.024260373399138797,0
8.407526082424332e-05,0.390625,7.922764757689409e-05,0.00019554290385296745,0.5715482102536747,0.014194767839178547,0
6.9594774801853415e-06,0.390625,6.336773936090314e-05,0.0001752497046655033,1.4769512180878388,0.0105725243865746,0
1.8768822822880425e-05,9.375,7.220937205571352e-05,0.000505080507142687,1.9558013076771152,0.020526186769568026,1
0.00025126524069014617,0.390625,0.0007992149184479519,0.00414685040747012,1.3134342693181695,0.0546349657392827,1
8.420822106923713e-07,31.640625,2.0292517450010657e-05,0.00013038755905583893,2.1503995317064564,0.010562149985660291,0
0.011427607818261291,4.6875,0.05165034886054955,0.23699578584189052,0.9422531763069452,0.4109735791947057,1
0.0003043010265503023,0.390625,0.0011660394269352027,0.0026765334217325964,0.2962390795532609,0.028398327578898305,1
8.600999829180025e-07,7.8125,2.322528694224298e-05,0.00013760326833339953,2.1238537526731385,0.01061064410781721,0
0.0004554965111552314,10.15625,0.0020157875693969955,0.007157247888771204,1.4876441680382009,0.07009670721706773,1
7.391217285228008e-05,4.296875,0.000352323152594187,0.002335377741560253,1.5311422651054818,0.044298422644569214,1
4.136194005653623e-06,0.390625,3.1692400202762e-05,0.00017349970570513756,1.925806631893096,0.012269119112049344,1
8.96842402854582e-07,20.3125,2.1740476907539442e-05,0.00013261966368003562,2.1099284118521453,0.010562672805220013,0
0.005140479615449583,0.390625,0.023730201220874342,0.10280378611364463,1.480213782458579,0.2737180492948921,1
0.0014125503436199446,0.390625,0.0015366070633559756,0.003457975897498114,0.15507177603105418,0.02688901395781465,0
0.0003900212583097129,5.859375,0.001517786225878267,0.006206246391780376,1.0916161516910308,0.06523271493271972,1
0.003157623915952031,8.59375,0.00786328760901903,0.037077801652901074,0.8289161020707406,0.15935119898235536,1
0.0008958677084660977,10.9375,0.0025333017780749326,0.01175694594151697,1.3937586312315364,0.09120732808112884,1
0.0001372984396095982,10.15625,0.00030448207021101,0.0018808317247629121,1.5862359123372094,0.039899192160917786,1
1.0296353420317808e-06,1.953125,1.9878089067573834e-05,0.00011997334886974612,2.0916014818424813,0.010014025425109915,0
0.01388632899931223,10.546875,0.04026834728349893,0.24077034295251717,1.3646989645823213,0.4475756730587795,1
8.633240276231749e-05,0.390625,0.00022114139316941272,0.0009105001677525815,1.4363266984241165,0.025145097373345596,0
7.218794441472343e-07,2.734375,1.978601459849978e-05,0.00012401442129162546,2.1720706328101764,0.010228282577501992,1
6.830114921806352e-07,3.125,1.824079653889724e-05,0.00011598434303602894,2.1428882906185622,0.009911990116948563,1
7.383187710642177e-07,0.390625,1.994429969802851e-05,0.00011768151437708781,2.067927763159368,0.010037445037802378,0
1.2631900402165604e-05,0.390625,7.754612101496455e-05,0.0005422738363710334,2.00815673170969,0.021484039995860016,1
4.569120692648422e-05,0.78125,0.00015757626662237035,0.0004171979281891017,1.2804336169130324,0.014705228527900824,0
0.0007385534177093055,0.390625,0.0022067057435390287,0.003385099447306193,0.5523077949000382,0.033101961458916855,1
0.0006190417912138641,9.375,0.0016932423815719626,0.007900076642146953,1.5654876682870444,0.07745440384965978,1
0.05035227300292084,10.546875,0.07917762576028478,0.6402097721502134,1.0718121028782406,0.7264991514901983,1
9.581730647412833e-07,1.953125,2.1743213038230718e-05,0.00013826711986468165,1.9635843748783208,0.011032975501626822,0
0.00010081324035123362,0.390625,0.0005494013875006004,0.0023068860483308204,1.4481860429964657,0.04296957756745222,1
9.35911178270792e-06,0.390625,2.9722313157830784e-05,0.0001564824790093701,1.4058232450090808,0.012354959267879738,1
8.599369813004497e-07,9.765625,2.1941753955684308e-05,0.0001266484529287726,2.0873551203712917,0.010248913304956376,0
